"Time","RX","TX","Read","Write","log generation","CPU load"
2026-02-09 09:54:00,1.10,1.55,0,0.293,1051,0.409
2026-02-09 09:55:00,0.923,1.26,0,0.307,1066,0.554
2026-02-09 09:56:00,1.26,1.82,0.0000543,0.308,1039,0.337
2026-02-09 09:57:00,1.07,1.52,0,0.282,1088,0.347
2026-02-09 09:58:00,1.15,1.62,0,0.343,1032,0.405
2026-02-09 09:59:00,1.44,2.14,0,0.307,999,0.339
2026-02-09 10:00:00,1.31,1.89,0,0.317,1162,0.446
2026-02-09 10:01:00,1.23,1.76,0,0.529,1207,0.439
2026-02-09 10:02:00,1.14,1.60,0.0379,0.361,1094,0.449
2026-02-09 10:03:00,0.943,1.31,0,0.267,1079,0.327
2026-02-09 10:04:00,1.35,1.98,0,0.332,1240,0.342
2026-02-09 10:05:00,1.21,1.71,0,0.402,1131,0.391
2026-02-09 10:06:00,1.43,2.05,0,0.431,1381,0.420
2026-02-09 10:07:00,1.00,1.39,0.110,0.670,1254,0.482
2026-02-09 10:08:00,1.27,1.81,0,0.973,1198,0.477
2026-02-09 10:09:00,1.30,1.86,0,0.376,1252,0.354
2026-02-09 10:10:00,1.59,2.26,0,0.457,1267,0.434
2026-02-09 10:11:00,1.50,2.19,0,0.487,1266,0.373
2026-02-09 10:12:00,1.59,2.34,0,0.405,1229,0.398
2026-02-09 10:13:00,2.23,3.35,0,0.580,1257,0.475
2026-02-09 10:14:00,1.44,2.09,0,0.791,1148,0.433
2026-02-09 10:15:00,1.50,2.20,0,0.923,1208,0.376
2026-02-09 10:16:00,1.09,1.53,0,0.296,1116,0.448
2026-02-09 10:17:00,1.36,1.94,0,0.486,1110,0.389
2026-02-09 10:18:00,1.53,2.27,0,0.338,1116,0.401
2026-02-09 10:19:00,1.18,1.68,0,0.329,1237,0.340
2026-02-09 10:20:00,1.88,2.80,0,0.469,1178,0.426
2026-02-09 10:21:00,2.37,3.56,0.0000217,0.586,1235,0.556
2026-02-09 10:22:00,0.899,1.23,0,0.278,1264,0.338
2026-02-09 10:23:00,1.44,2.09,0,0.343,1375,0.411
2026-02-09 10:24:00,1.59,2.32,0,0.440,1138,0.476
2026-02-09 10:25:00,1.08,1.51,0,0.363,1119,0.345
2026-02-09 10:26:00,1.81,2.66,0.000922,0.561,1215,0.692
2026-02-09 10:27:00,1.66,2.45,0,0.421,1176,0.389
2026-02-09 10:28:00,1.44,2.10,0,0.389,1220,0.365
2026-02-09 10:29:00,0.881,1.19,0,0.351,1220,0.330
2026-02-09 10:30:00,2.07,3.10,0,0.493,1239,0.471
2026-02-09 10:31:00,1.53,2.25,0,0.400,1278,0.375
2026-02-09 10:32:00,2.00,2.99,0,0.555,1199,0.475
2026-02-09 10:33:00,1.40,2.03,0,0.381,1071,0.452
2026-02-09 10:34:00,1.58,2.31,0,0.509,1147,0.358
2026-02-09 10:35:00,1.61,2.37,0,0.449,1242,0.393
2026-02-09 10:36:00,1.83,2.74,0,0.469,1272,0.425
2026-02-09 10:37:00,1.44,2.10,0,0.433,1213,0.361
2026-02-09 10:38:00,1.49,2.16,0,0.421,1191,0.372
2026-02-09 10:39:00,1.16,1.65,0.00180,0.372,1243,0.379
2026-02-09 10:40:00,1.16,1.65,0,0.359,1344,0.348
2026-02-09 10:41:00,1.29,1.82,0,0.472,1339,0.377
2026-02-09 10:42:00,1.49,2.19,0,0.392,1187,0.422
2026-02-09 10:43:00,1.62,2.31,0,0.508,1291,0.447
2026-02-09 10:44:00,1.65,2.44,0,0.415,1186,0.399
2026-02-09 10:45:00,2.48,3.69,0,0.633,1343,0.569
2026-02-09 10:46:00,2.06,3.09,0.0000543,0.574,1297,0.423
2026-02-09 10:47:00,1.32,1.91,0,0.319,1328,0.363
2026-02-09 10:48:00,1.54,2.24,0,0.372,1435,0.374
2026-02-09 10:49:00,1.73,2.59,0,0.803,1260,0.421
2026-02-09 10:50:00,1.43,2.06,0,0.381,1408,0.485
2026-02-09 10:51:00,1.44,2.09,0,0.583,1272,0.453
2026-02-09 10:52:00,1.99,2.92,0,0.607,1391,0.534
2026-02-09 10:53:00,1.66,2.44,0,0.402,1354,0.389
2026-02-09 10:54:00,1.82,2.69,0,0.443,1498,0.445
2026-02-09 10:55:00,1.84,2.71,0,0.497,1298,0.486
2026-02-09 10:56:00,1.19,1.70,0,0.330,1548,0.345
2026-02-09 10:57:00,1.53,2.22,0,0.423,1363,0.413
2026-02-09 10:58:00,1.13,1.60,0,0.332,1324,0.675
2026-02-09 10:59:00,1.45,2.10,0,0.566,1353,0.386
2026-02-09 11:00:00,1.37,2.00,0,0.369,1309,0.352
2026-02-09 11:01:00,1.54,2.27,0,0.516,1369,0.517
2026-02-09 11:02:00,1.77,2.63,0,0.428,1370,0.425
2026-02-09 11:03:00,1.48,2.16,0,0.414,1349,0.379
2026-02-09 11:04:00,0.940,1.29,0,0.262,1328,0.349
2026-02-09 11:05:00,1.28,1.81,0,1.22,1203,0.502
2026-02-09 11:06:00,1.45,2.10,0.0000543,0.401,1238,0.393
2026-02-09 11:07:00,1.73,2.40,0.0000109,0.358,1382,0.439
2026-02-09 11:08:00,1.29,1.84,0.0235,0.409,1440,0.393
2026-02-09 11:09:00,1.61,2.36,0.0000217,0.412,1441,0.381
2026-02-09 11:10:00,1.19,1.70,0,0.325,1478,0.378
2026-02-09 11:11:00,1.29,1.84,0,0.385,1434,0.379
2026-02-09 11:12:00,1.67,2.47,0,0.408,1400,0.384
2026-02-09 11:13:00,2.69,3.98,0,0.666,1327,0.601
2026-02-09 11:14:00,1.49,2.14,0,0.566,1347,0.472
2026-02-09 11:15:00,1.53,2.22,0,0.381,1291,0.393
2026-02-09 11:16:00,1.32,1.92,0.0000543,0.373,1353,0.358
2026-02-09 11:17:00,1.62,2.34,0,1.35,1382,0.431
2026-02-09 11:18:00,2.47,3.69,0,0.633,1324,0.582
2026-02-09 11:19:00,1.37,1.97,0,0.400,1454,0.422
2026-02-09 11:20:00,1.43,2.08,0,0.401,1390,0.384
2026-02-09 11:21:00,1.57,2.31,0.0000977,0.357,1293,0.392
2026-02-09 11:22:00,1.65,2.45,0,0.386,1335,0.446
2026-02-09 11:23:00,2.99,3.42,,0.439,1250,
2026-02-09 11:24:00,3.37,4.22,0.000369,0.651,1311,0.579
2026-02-09 11:25:00,2.18,2.47,0.00439,0.322,1344,0.382
2026-02-09 11:26:00,3.17,3.86,0.00295,0.772,1298,0.566
2026-02-09 11:27:00,2.40,2.69,0,0.404,1153,0.391
2026-02-09 11:28:00,2.28,2.63,0.00162,0.433,1311,0.462
2026-02-09 11:29:00,1.03,1.44,0,0.500,1236,0.346
2026-02-09 11:30:00,1.47,2.15,0,0.483,1305,0.379
2026-02-09 11:31:00,2.08,3.11,0.000868,0.690,1246,0.474
2026-02-09 11:32:00,1.95,2.86,0,0.552,1327,0.439
2026-02-09 11:33:00,1.28,1.82,0,0.389,1337,0.350
2026-02-09 11:34:00,1.23,1.76,0.00123,0.298,1235,0.361
2026-02-09 11:35:00,1.25,1.78,0,0.406,1261,0.344
2026-02-09 11:36:00,2.02,3.05,0.000369,0.602,1254,0.397
2026-02-09 11:37:00,0.954,1.34,0,0.256,1247,0.323
2026-02-09 11:38:00,1.90,2.84,0,0.466,1213,0.396
2026-02-09 11:39:00,1.36,1.99,0,0.388,1251,0.320
2026-02-09 11:40:00,1.35,1.97,0,0.291,1243,0.347
2026-02-09 11:41:00,1.46,2.13,0,0.341,1358,0.367
2026-02-09 11:42:00,1.01,1.41,0,0.488,1261,0.338
2026-02-09 11:43:00,1.64,2.34,0.0117,0.792,1292,0.626
2026-02-09 11:44:00,1.50,2.19,0,0.407,1497,0.376
2026-02-09 11:45:00,1.63,2.36,0,0.528,1356,0.377
2026-02-09 11:46:00,1.46,2.12,0,0.405,1279,0.375
2026-02-09 11:47:00,0.937,1.31,0.00253,0.475,1288,0.389
2026-02-09 11:48:00,2.28,3.41,0,0.745,1334,0.434
2026-02-09 11:49:00,1.57,2.31,0,0.424,1314,0.413
2026-02-09 11:50:00,1.59,2.31,0.000977,0.451,1324,0.375
2026-02-09 11:51:00,2.48,3.76,0.0136,0.673,1422,0.565
2026-02-09 11:52:00,1.51,2.22,0,0.428,1303,0.389
2026-02-09 11:53:00,1.80,2.66,0.00107,0.470,1361,0.389
2026-02-09 11:54:00,1.22,1.71,0,0.594,1352,0.345
2026-02-09 11:55:00,2.09,3.11,0.00248,0.602,1331,0.544
2026-02-09 11:56:00,1.90,2.81,0,0.451,1516,0.419
2026-02-09 11:57:00,1.57,2.29,0,0.590,1270,0.357
2026-02-09 11:58:00,2.52,3.84,0,0.619,1234,0.513
2026-02-09 11:59:00,1.51,2.23,0,0.381,1242,0.390
2026-02-09 12:00:00,1.69,2.45,0,0.574,1300,0.510
2026-02-09 12:01:00,1.75,2.59,0,0.655,1270,0.491
2026-02-09 12:02:00,2.20,3.28,0,0.523,1271,0.468
2026-02-09 12:03:00,1.21,1.72,0,0.464,1396,0.355
2026-02-09 12:04:00,1.13,1.60,0.0195,0.281,1478,0.546
2026-02-09 12:05:00,1.50,2.18,0,0.613,1355,0.368
2026-02-09 12:06:00,1.41,2.05,0.0000543,0.748,1319,0.374
2026-02-09 12:07:00,1.27,1.84,0,0.290,1270,0.334
2026-02-09 12:08:00,1.32,1.89,0,0.365,1322,0.496
2026-02-09 12:09:00,1.35,1.95,0,0.417,1246,0.379
2026-02-09 12:10:00,1.26,1.80,0,0.356,1330,0.347
2026-02-09 12:11:00,1.43,2.08,0,0.401,1331,0.381
2026-02-09 12:12:00,1.26,1.82,0,0.488,1467,0.433
2026-02-09 12:13:00,1.92,2.83,0,0.502,1340,0.474
2026-02-09 12:14:00,1.90,2.77,0,0.522,1373,0.508
2026-02-09 12:15:00,1.08,1.53,0,0.310,1358,0.370
2026-02-09 12:16:00,1.49,2.13,0,0.359,1318,0.412
2026-02-09 12:17:00,1.54,2.23,0,0.493,1352,0.428
2026-02-09 12:18:00,1.25,1.78,0,0.415,1351,0.369
2026-02-09 12:19:00,1.06,1.48,0,0.320,1332,0.329
2026-02-09 12:20:00,1.51,2.22,0,0.532,1317,0.381
2026-02-09 12:21:00,1.51,2.20,0.00509,0.479,1274,0.404
2026-02-09 12:22:00,2.18,3.23,0,0.570,1321,0.505
2026-02-09 12:23:00,1.46,2.12,0,0.447,1410,0.409
2026-02-09 12:24:00,1.33,1.92,0,0.417,1239,0.409
2026-02-09 12:25:00,1.70,2.50,0,0.483,1327,0.376
2026-02-09 12:26:00,1.87,2.78,0.305,0.898,1380,0.580
2026-02-09 12:27:00,1.37,1.99,0.0738,1.37,1405,0.645
2026-02-09 12:28:00,1.41,2.04,0,0.531,1435,0.359
2026-02-09 12:29:00,1.77,2.61,0.387,0.475,1465,0.637
2026-02-09 12:30:00,1.70,2.52,0.802,0.466,1266,0.701
2026-02-09 12:31:00,1.22,1.74,0,1.36,1393,0.400
2026-02-09 12:32:00,1.37,1.97,0,0.434,1316,0.439
2026-02-09 12:33:00,1.65,2.40,0,0.430,1324,0.474
2026-02-09 12:34:00,1.30,1.89,0,0.344,1333,0.336
2026-02-09 12:35:00,1.70,2.51,0.0146,0.444,1362,0.636
2026-02-09 12:36:00,1.28,1.86,0,0.309,1444,0.426
2026-02-09 12:37:00,1.62,2.40,0,0.382,1267,0.395
2026-02-09 12:38:00,1.30,1.87,0,0.369,1382,0.442
2026-02-09 12:39:00,1.08,1.51,0,0.320,1372,0.356
2026-02-09 12:40:00,1.92,2.87,0,0.463,1359,0.363
2026-02-09 12:41:00,1.31,1.87,0,0.326,1306,0.381
2026-02-09 12:42:00,1.62,2.37,0,0.414,1192,0.386
2026-02-09 12:43:00,1.75,2.56,0,0.470,1443,0.386
2026-02-09 12:44:00,2.09,3.15,0,0.515,1412,0.436
2026-02-09 12:45:00,2.28,3.40,0,0.582,1222,0.508
2026-02-09 12:46:00,1.53,2.22,0.0000543,0.565,1356,0.384
2026-02-09 12:47:00,1.80,2.68,0,0.439,1283,0.390
2026-02-09 12:48:00,2.32,3.45,0,0.614,1267,0.502
2026-02-09 12:49:00,1.29,1.83,0,0.460,1268,0.438
2026-02-09 12:50:00,1.87,2.75,0,0.598,1235,0.455
2026-02-09 12:51:00,1.37,1.96,0,0.454,1322,0.360
2026-02-09 12:52:00,1.01,1.40,0.382,0.348,1439,0.543
2026-02-09 12:53:00,1.31,1.88,0,0.355,1377,0.354
2026-02-09 12:54:00,1.50,2.17,0,0.457,1253,0.388
2026-02-09 12:55:00,1.63,2.39,0.00416,0.466,1391,0.464
2026-02-09 12:56:00,1.63,2.39,0.0000543,0.623,1184,0.445
2026-02-09 12:57:00,1.40,2.01,0,0.429,1354,0.349
2026-02-09 12:58:00,1.69,2.47,0,0.506,1396,0.426
2026-02-09 12:59:00,1.75,2.56,0.00279,0.465,1301,0.592
2026-02-09 13:00:00,1.28,1.83,0,0.329,1247,0.339
2026-02-09 13:01:00,1.49,2.10,0,0.678,1219,0.462
2026-02-09 13:02:00,1.85,2.76,0,0.431,1304,0.473
2026-02-09 13:03:00,1.58,2.30,0,0.463,1291,0.388
2026-02-09 13:04:00,1.16,1.64,0.0000868,0.838,1318,0.402
2026-02-09 13:05:00,1.55,2.28,0,0.387,1472,0.384
2026-02-09 13:06:00,1.34,1.92,0.0000543,0.423,1263,0.370
2026-02-09 13:07:00,0.878,1.21,0,0.278,1368,0.321
2026-02-09 13:08:00,1.45,2.11,0,0.356,1416,0.369
2026-02-09 13:09:00,0.951,1.34,0,0.246,1270,0.327
2026-02-09 13:10:00,1.53,2.20,0,0.429,1491,0.445
2026-02-09 13:11:00,1.31,1.88,0,0.349,1311,0.359
2026-02-09 13:12:00,1.44,2.07,0,0.427,1312,0.396
2026-02-09 13:13:00,1.66,2.41,0.0250,0.486,1183,0.572
2026-02-09 13:14:00,1.35,1.94,0,0.345,1389,0.371
2026-02-09 13:15:00,1.91,2.83,0,0.571,1333,0.483
2026-02-09 13:16:00,1.30,1.87,0,0.567,1315,0.377
2026-02-09 13:17:00,1.39,2.02,0,0.403,1346,0.431
2026-02-09 13:18:00,1.26,1.81,0,0.335,1373,0.463
2026-02-09 13:19:00,2.37,3.48,0,0.911,1367,0.512
2026-02-09 13:20:00,1.21,1.73,0,0.315,1330,0.372
2026-02-09 13:21:00,1.25,1.77,0,0.371,1417,0.436
2026-02-09 13:22:00,1.73,2.51,0,0.569,1375,0.496
2026-02-09 13:23:00,2.13,3.18,0,0.506,1294,0.482
2026-02-09 13:24:00,1.96,2.93,0,0.523,1343,0.416
2026-02-09 13:25:00,1.07,1.49,0,0.694,1365,0.334
2026-02-09 13:26:00,2.72,4.08,0,0.735,1363,0.663
2026-02-09 13:27:00,1.59,2.33,0,0.480,1187,0.456
2026-02-09 13:28:00,1.23,1.76,0,0.430,1403,0.371
2026-02-09 13:29:00,1.60,2.32,0.126,0.441,1273,0.439
2026-02-09 13:30:00,2.24,3.29,0,0.625,1391,0.620
2026-02-09 13:31:00,1.75,2.62,0,0.473,1252,0.487
2026-02-09 13:32:00,0.926,1.28,0,0.287,1389,0.339
2026-02-09 13:33:00,1.48,2.15,0.000521,0.653,1327,0.369
2026-02-09 13:34:00,1.29,1.86,0,0.628,1217,0.396
2026-02-09 13:35:00,1.25,1.78,0,0.329,1302,0.373
2026-02-09 13:36:00,2.02,2.97,0,0.489,1243,0.437
2026-02-09 13:37:00,1.54,2.24,0,0.452,1363,0.373
2026-02-09 13:38:00,1.93,2.81,0,0.462,1304,0.434
2026-02-09 13:39:00,1.28,1.84,0,0.391,1256,0.377
2026-02-09 13:40:00,1.45,2.14,0,0.359,1144,0.358
2026-02-09 13:41:00,1.33,1.91,0,0.340,1230,0.349
2026-02-09 13:42:00,1.61,2.34,0,0.428,1264,0.367
2026-02-09 13:43:00,2.12,3.17,0,0.536,1358,0.502
2026-02-09 13:44:00,1.88,2.76,0,0.448,1382,0.416
2026-02-09 13:45:00,1.56,2.27,0,0.420,1516,0.369
2026-02-09 13:46:00,1.45,2.12,0,0.379,1381,0.418
2026-02-09 13:47:00,0.984,1.38,0,0.283,1273,0.316
2026-02-09 13:48:00,1.94,2.90,0,0.516,1288,0.466
2026-02-09 13:49:00,1.41,1.97,0,0.418,1288,0.489
2026-02-09 13:50:00,1.24,1.76,0,0.392,1386,0.355
2026-02-09 13:51:00,0.984,1.38,0,0.321,1329,0.329
2026-02-09 13:52:00,1.73,2.53,0,0.442,1324,0.496
2026-02-09 13:53:00,1.58,2.30,0,0.438,1317,0.363
2026-02-09 13:54:00,1.60,2.04,0.000119,0.475,1278,0.374
2026-02-09 13:55:00,1.93,2.51,0.785,0.418,1273,0.430
2026-02-09 13:56:00,1.44,2.02,0.121,0.421,1412,0.356
2026-02-09 13:57:00,1.82,2.65,0,0.532,1316,0.442
2026-02-09 13:58:00,1.49,2.12,0,0.455,1221,0.388
2026-02-09 13:59:00,2.03,2.96,0,0.532,1470,0.449
2026-02-09 14:00:00,1.59,2.31,0,0.612,1317,0.468
2026-02-09 14:01:00,1.44,2.03,0.135,0.369,1410,0.411
2026-02-09 14:02:00,1.53,2.17,0.0946,0.690,1335,0.445
2026-02-09 14:03:00,1.17,1.63,0,0.499,1345,0.434
2026-02-09 14:04:00,1.68,2.46,0,0.482,1301,0.576
2026-02-09 14:05:00,1.50,2.21,0.000184,0.373,1382,0.428
2026-02-09 14:06:00,1.86,2.73,0,0.500,1367,0.467
2026-02-09 14:07:00,1.53,2.24,0.284,0.437,1286,0.762
2026-02-09 14:08:00,1.53,2.18,0,1.47,1297,0.388
2026-02-09 14:09:00,1.22,1.71,0,0.357,1331,0.476
2026-02-09 14:10:00,1.27,1.78,0,0.372,1333,0.365
2026-02-09 14:11:00,1.54,2.21,0,0.431,1361,0.390
2026-02-09 14:12:00,,,1.33,0.766,1361,0.916
2026-02-09 14:13:00,,,0.796,0.371,1307,0.435
2026-02-09 14:14:00,1.24,1.76,0,0.349,1166,0.438
2026-02-09 14:15:00,1.89,2.73,0,0.467,1167,0.479
2026-02-09 14:16:00,1.61,2.31,0.0000543,0.430,1438,0.388
2026-02-09 14:17:00,1.78,2.60,0,0.526,1328,0.457
2026-02-09 14:18:00,1.40,2.01,0,0.363,1315,0.440
2026-02-09 14:19:00,1.97,2.85,0,0.629,1322,0.472
2026-02-09 14:20:00,1.50,2.19,0,0.418,1295,0.403
2026-02-09 14:21:00,1.63,2.36,0,0.459,1228,0.503
2026-02-09 14:22:00,1.73,2.42,0.417,0.445,1329,0.451
2026-02-09 14:23:00,1.99,2.90,0,0.543,1243,0.493
2026-02-09 14:24:00,1.25,1.68,0.00672,0.289,1311,0.392
2026-02-09 14:25:00,1.22,1.69,0.0124,0.331,1320,0.358
2026-02-09 14:26:00,1.40,1.99,0,0.337,1311,0.441
2026-02-09 14:27:00,0.932,1.26,0.0628,0.288,1127,0.381
2026-02-09 14:28:00,1.44,2.03,0,0.405,1259,0.428
2026-02-09 14:29:00,2.00,2.86,0,0.487,1331,0.512
2026-02-09 14:30:00,2.14,2.96,0.0791,0.495,1257,0.557
2026-02-09 14:31:00,1.27,1.76,0,0.517,1335,0.359
2026-02-09 14:32:00,1.71,2.38,0.0307,0.415,1325,0.456
2026-02-09 14:33:00,1.80,2.52,0,0.469,1243,0.511
2026-02-09 14:34:00,2.19,3.17,0,0.796,1261,0.511
2026-02-09 14:35:00,2.35,3.44,0.0000760,0.603,1314,0.765
2026-02-09 14:36:00,1.90,2.35,0.0114,0.648,1242,0.592
2026-02-09 14:37:00,4.26,4.42,0.0180,0.405,1236,0.484
2026-02-09 14:38:00,2.21,2.86,0,0.479,1240,0.469
2026-02-09 14:39:00,,,0.120,0.674,1221,0.582
2026-02-09 14:40:00,4.84,4.73,0.0512,0.593,1186,0.453
2026-02-09 14:41:00,2.92,3.10,0,0.516,1344,0.453
2026-02-09 14:42:00,2.96,3.15,0,0.466,1225,0.438
2026-02-09 14:43:00,3.06,3.29,0,0.478,1273,0.437
2026-02-09 14:44:00,2.49,2.58,0,0.464,1258,0.426
2026-02-09 14:45:00,2.03,2.92,0,0.492,1164,0.465
2026-02-09 14:46:00,1.02,1.38,0,0.284,1165,0.360
2026-02-09 14:47:00,1.59,2.26,0,0.403,1343,0.444
2026-02-09 14:48:00,,,0.283,0.544,1257,0.565
2026-02-09 14:49:00,2.53,2.52,0.0957,0.392,1363,0.382
2026-02-09 14:50:00,3.16,3.49,0,0.480,1279,0.443
2026-02-09 14:51:00,2.32,2.48,0,0.391,1236,0.408
2026-02-09 14:52:00,2.79,2.93,0,0.436,1230,0.390
2026-02-09 14:53:00,2.32,3.19,0,0.546,1260,0.493
2026-02-09 14:54:00,2.57,3.06,0.0285,0.467,1220,0.459
2026-02-09 14:55:00,4.65,4.85,0.0111,0.479,1112,0.470
2026-02-09 14:56:00,1.48,2.00,0.0000543,0.432,1147,0.420
2026-02-09 14:57:00,1.72,2.39,0.0242,0.486,1214,0.508
2026-02-09 14:58:00,2.97,3.59,0,0.390,1151,0.431
2026-02-09 14:59:00,2.88,3.07,0,0.510,1192,0.578
2026-02-09 15:00:00,1.62,2.03,0,0.457,1147,0.468
2026-02-09 15:01:00,2.76,2.95,0,0.671,1205,0.456
2026-02-09 15:02:00,2.81,3.01,0,0.539,1227,0.410
2026-02-09 15:03:00,1.88,2.43,0,0.445,1204,0.497
2026-02-09 15:04:00,2.04,2.48,0,0.706,1211,0.423
2026-02-09 15:05:00,1.83,2.66,0.0216,0.429,1263,0.520
2026-02-09 15:06:00,1.39,1.99,0.0000543,0.514,1181,0.403
2026-02-09 15:07:00,1.64,2.37,0,0.396,1261,0.389
2026-02-09 15:08:00,1.37,1.94,0,0.355,1230,0.370
2026-02-09 15:09:00,1.67,2.42,0,0.480,1205,0.456
2026-02-09 15:10:00,1.07,1.46,0,0.497,1150,0.392
2026-02-09 15:11:00,1.34,1.91,0,0.330,1257,0.373
2026-02-09 15:12:00,1.26,1.77,0.139,0.338,1131,0.676
2026-02-09 15:13:00,1.08,1.48,0,1.42,1055,0.375
2026-02-09 15:14:00,1.44,2.06,0,0.351,1160,0.456
2026-02-09 15:15:00,1.80,2.58,0,0.495,1110,0.477
2026-02-09 15:16:00,0.849,1.15,0,0.235,1219,0.304
2026-02-09 15:17:00,2.00,2.97,0,0.511,1149,0.486
2026-02-09 15:18:00,1.57,2.29,0,0.596,1394,0.395
2026-02-09 15:19:00,2.03,3.00,0,0.495,1256,0.462
2026-02-09 15:20:00,2.07,3.12,0,0.453,1163,0.413
2026-02-09 15:21:00,1.61,2.34,0,0.422,1225,0.477
2026-02-09 15:22:00,1.33,1.91,0,0.340,1251,0.439
2026-02-09 15:23:00,1.41,2.04,0,0.443,1209,0.391
2026-02-09 15:24:00,1.39,2.00,0,0.384,1272,0.419
2026-02-09 15:25:00,1.50,2.20,0,0.383,1222,0.465
2026-02-09 15:26:00,1.04,1.47,0.0000543,0.271,1357,0.335
2026-02-09 15:27:00,1.27,1.82,0,0.369,1313,0.382
2026-02-09 15:28:00,1.21,1.73,0,0.297,1249,0.346
2026-02-09 15:29:00,1.45,2.11,0,0.325,1320,0.370
2026-02-09 15:30:00,1.50,2.18,0,0.469,1374,0.565
2026-02-09 15:31:00,1.97,2.86,0,0.491,1299,0.490
2026-02-09 15:32:00,1.20,1.71,0.000358,0.297,1267,0.477
2026-02-09 15:33:00,1.43,2.06,0.162,0.818,1249,0.894
2026-02-09 15:34:00,1.30,1.87,0,0.376,1296,0.363
2026-02-09 15:35:00,1.29,1.87,0,0.329,1202,0.404
2026-02-09 15:36:00,1.63,2.38,0,0.579,1245,0.510
2026-02-09 15:37:00,1.66,2.43,0,0.554,1182,0.398
2026-02-09 15:38:00,1.57,2.31,0,0.388,1222,0.400
2026-02-09 15:39:00,1.34,1.93,0,0.375,1304,0.419
2026-02-09 15:40:00,1.34,1.94,0,0.322,1224,0.357
2026-02-09 15:41:00,2.00,2.35,0.569,0.335,1144,0.438
2026-02-09 15:42:00,2.02,2.85,,0.503,1178,0.682
2026-02-09 15:43:00,1.07,1.34,,0.251,1175,0.867
2026-02-09 15:44:00,2.09,2.66,0.136,0.424,1127,0.433
2026-02-09 15:45:00,2.06,2.92,0.421,0.583,1205,0.675
2026-02-09 15:46:00,1.63,2.37,0,0.411,1156,0.369
2026-02-09 15:47:00,1.96,2.51,0.214,0.445,1166,0.460
2026-02-09 15:48:00,2.65,3.00,0.380,0.390,1239,0.407
2026-02-09 15:49:00,2.84,4.13,0.0864,0.673,1310,0.607
2026-02-09 15:50:00,2.71,2.92,,0.401,1185,0.526
2026-02-09 15:51:00,1.42,1.91,0,0.382,1149,0.393
2026-02-09 15:52:00,1.55,2.23,0,0.421,1199,0.396
2026-02-09 15:53:00,1.35,1.95,0,0.359,1148,0.385
2026-02-09 15:54:00,1.69,2.45,0,0.410,1163,0.411
2026-02-09 15:55:00,1.20,1.71,0,0.385,1169,0.372
2026-02-09 15:56:00,1.46,2.14,0.0000543,0.392,1104,0.437
2026-02-09 15:57:00,1.33,1.92,0,0.336,1133,0.397
2026-02-09 15:58:00,0.717,0.935,0.0266,0.260,1199,0.355
2026-02-09 15:59:00,2.76,3.25,0.0776,0.374,1300,0.449
2026-02-09 16:00:00,1.14,1.63,0.00103,0.362,1196,0.389
2026-02-09 16:01:00,1.50,2.18,0,0.432,1202,0.413
2026-02-09 16:02:00,2.06,3.03,0,0.744,1217,0.543
2026-02-09 16:03:00,4.56,4.74,,0.623,1221,0.650
2026-02-09 16:04:00,4.77,4.56,0.000336,0.761,1234,0.443
2026-02-09 16:05:00,1.87,2.36,0.0391,0.499,1261,0.407
2026-02-09 16:06:00,1.73,2.37,0.103,0.465,1127,0.541
2026-02-09 16:07:00,2.02,2.85,0.631,0.858,1082,0.494
2026-02-09 16:08:00,1.20,1.61,0,0.316,1175,0.344
2026-02-09 16:09:00,1.80,2.53,0.0374,0.436,1190,0.474
2026-02-09 16:10:00,1.47,2.05,0,0.583,1566,0.402
2026-02-09 16:11:00,1.39,1.99,1.24,0.393,1630,0.514
2026-02-09 16:12:00,1.48,2.14,0.102,0.385,1551,0.386
2026-02-09 16:13:00,1.65,2.43,0.00275,0.521,1649,0.435
2026-02-09 16:14:00,1.17,1.66,0,0.353,1647,0.349
2026-02-09 16:15:00,1.17,1.66,0,0.331,1572,0.396
2026-02-09 16:16:00,1.37,1.98,0.0000543,0.487,1579,0.412
2026-02-09 16:17:00,1.24,1.77,0,0.315,1716,0.334
2026-02-09 16:18:00,1.92,2.81,0,0.427,1589,0.438
2026-02-09 16:19:00,2.35,3.50,0.0223,0.665,1745,0.585
2026-02-09 16:20:00,1.23,1.75,0,0.338,1639,0.338
2026-02-09 16:21:00,1.63,2.35,0,0.371,1676,0.428
2026-02-09 16:22:00,1.34,1.96,0.000868,0.441,1603,0.447
2026-02-09 16:23:00,1.22,1.75,0.000803,0.371,1610,0.417
2026-02-09 16:24:00,1.30,1.87,0,0.366,1582,0.400
2026-02-09 16:25:00,1.15,1.64,0.00322,0.432,1551,0.418
2026-02-09 16:26:00,1.23,1.76,0,0.454,1527,0.357
2026-02-09 16:27:00,1.53,2.23,0,0.369,1568,0.369
2026-02-09 16:28:00,1.20,1.70,0,0.513,1639,0.362
2026-02-09 16:29:00,1.68,2.50,0,0.599,1695,0.359
2026-02-09 16:30:00,1.53,2.24,0,0.361,1663,0.347
2026-02-09 16:31:00,0.956,1.32,0,0.392,1608,0.372
2026-02-09 16:32:00,1.17,1.67,0,0.437,1604,0.335
2026-02-09 16:33:00,1.25,1.80,0,0.308,1609,0.333
2026-02-09 16:34:00,1.98,2.90,0,1.09,1544,0.439
2026-02-09 16:35:00,1.64,2.39,0,0.476,1526,0.442
2026-02-09 16:36:00,1.26,1.80,0.0000543,0.320,1687,0.349
2026-02-09 16:37:00,1.70,2.35,0.156,0.389,1574,0.388
2026-02-09 16:38:00,1.34,1.91,0,0.410,1466,0.413
2026-02-09 16:39:00,1.12,1.57,0,0.300,1323,0.330
2026-02-09 16:40:00,2.64,2.89,0.0720,0.499,1139,0.427
2026-02-09 16:41:00,1.23,1.75,0.0627,0.398,1070,0.362
2026-02-09 16:42:00,1.47,1.95,0,0.326,1075,0.360
2026-02-09 16:43:00,1.78,2.49,0,0.537,1289,0.496
2026-02-09 16:44:00,1.67,2.40,0.000911,0.473,1176,0.532
2026-02-09 16:45:00,0.799,1.06,0,0.215,1147,0.287
2026-02-09 16:46:00,2.83,4.26,0.411,0.825,1234,0.649
2026-02-09 16:47:00,1.19,1.68,0.549,0.311,1075,0.602
2026-02-09 16:48:00,1.43,2.04,0,0.331,1175,0.361
2026-02-09 16:49:00,1.06,1.47,0,0.390,1158,0.388
2026-02-09 16:50:00,1.57,2.28,0.0370,0.367,1144,0.403
2026-02-09 16:51:00,1.54,2.22,0,0.415,1181,0.378
2026-02-09 16:52:00,1.42,2.05,0,0.432,1130,0.411
2026-02-09 16:53:00,2.17,3.18,0,0.536,1140,0.536
2026-02-09 16:54:00,1.47,2.12,0.124,0.566,1191,0.405
2026-02-09 16:55:00,2.26,3.11,0,0.666,1158,0.464
2026-02-09 16:56:00,2.32,2.53,0.0785,0.382,1135,0.438
2026-02-09 16:57:00,2.27,2.58,0.000673,0.544,1023,0.397
2026-02-09 16:58:00,2.35,2.56,0.413,1.03,1072,0.642
2026-02-09 16:59:00,1.66,2.17,0.0706,,1158,0.674
2026-02-09 17:00:00,1.78,1.67,0.0000217,0.277,961,0.449
2026-02-09 17:01:00,1.86,2.73,0.0312,0.681,1063,0.671
2026-02-09 17:02:00,1.57,2.30,0,0.601,1175,0.373
2026-02-09 17:03:00,1.82,2.69,0,0.491,1147,0.416
2026-02-09 17:04:00,1.11,1.59,0,0.388,1098,0.350
2026-02-09 17:05:00,1.37,1.99,0,0.371,1152,0.331
2026-02-09 17:06:00,1.01,1.43,0.00132,0.312,1151,0.358
2026-02-09 17:07:00,1.34,1.96,0.457,0.369,1221,0.386
2026-02-09 17:08:00,1.75,2.56,0,1.05,991,0.557
2026-02-09 17:09:00,2.25,3.29,0,0.628,1088,0.579
2026-02-09 17:10:00,1.25,1.80,0,0.341,1193,0.340
2026-02-09 17:11:00,2.12,3.18,0,0.562,1034,0.452
2026-02-09 17:12:00,1.57,2.30,0.000423,0.445,1207,0.395
2026-02-09 17:13:00,1.40,2.03,0,0.394,1117,0.343
2026-02-09 17:14:00,1.31,1.88,0.257,0.382,1220,0.354
2026-02-09 17:15:00,1.32,1.90,0.000662,0.717,1219,0.663
2026-02-09 17:16:00,1.39,2.02,0,0.342,1205,0.351
2026-02-09 17:17:00,2.34,3.49,0.0000434,0.596,1184,0.558
2026-02-09 17:18:00,1.73,2.54,0,0.445,1072,0.381
2026-02-09 17:19:00,1.64,2.41,0,0.438,1155,0.420
2026-02-09 17:20:00,1.50,2.18,0.265,0.909,1095,0.530
2026-02-09 17:21:00,1.65,2.43,0.00130,,1064,0.556
2026-02-09 17:22:00,1.35,1.95,0,0.414,1058,0.380
2026-02-09 17:23:00,1.86,2.74,0,0.474,1126,0.420
2026-02-09 17:24:00,1.21,1.74,0,0.377,1066,0.381
2026-02-09 17:25:00,0.661,0.862,0,0.267,1062,0.322
2026-02-09 17:26:00,1.29,1.85,0.000282,0.341,1226,0.348
2026-02-09 17:27:00,1.26,1.80,0.461,0.779,1081,0.556
2026-02-09 17:28:00,1.27,1.83,0,,1075,0.557
2026-02-09 17:29:00,1.84,2.69,0,0.434,1122,0.459
2026-02-09 17:30:00,1.05,1.50,0,0.257,1113,0.326
2026-02-09 17:31:00,1.85,2.70,0,0.508,1041,0.426
2026-02-09 17:32:00,0.756,1.02,0,0.282,1230,0.300
2026-02-09 17:33:00,1.75,2.60,0.401,0.425,1104,0.496
2026-02-09 17:34:00,1.32,1.92,0,1.09,1065,0.505
2026-02-09 17:35:00,1.28,1.84,0,1.92,1102,0.358
2026-02-09 17:36:00,1.25,1.77,0.0000543,0.315,1014,0.348
2026-02-09 17:37:00,1.39,2.02,0,0.363,1071,0.346
2026-02-09 17:38:00,1.31,1.88,0,0.294,1272,0.326
2026-02-09 17:39:00,1.26,1.82,0,0.284,1108,0.319
2026-02-09 17:40:00,1.11,1.57,0,0.271,1156,0.343
2026-02-09 17:41:00,1.27,1.83,0,0.333,1165,0.348
2026-02-09 17:42:00,1.44,2.10,0,0.332,1027,0.346
2026-02-09 17:43:00,2.84,3.01,0,0.343,1052,0.445
2026-02-09 17:44:00,1.62,1.90,,0.454,1008,0.443
2026-02-09 17:45:00,1.13,1.43,0,0.233,1006,0.307
2026-02-09 17:46:00,1.96,2.65,1.78,0.373,1129,0.423
2026-02-09 17:47:00,3.41,3.64,0,0.880,1125,0.464
2026-02-09 17:48:00,2.12,3.11,0,0.492,1081,0.442
2026-02-09 17:49:00,1.25,1.75,0,0.362,1099,0.341
2026-02-09 17:50:00,1.54,2.24,1.44,0.434,982,0.498
2026-02-09 17:51:00,1.20,1.70,0,0.301,1094,0.329
2026-02-09 17:52:00,1.58,2.26,0.147,0.405,1046,0.399
2026-02-09 17:53:00,1.56,2.22,0.0698,0.389,1028,0.477
2026-02-09 17:54:00,1.25,1.76,0,0.276,1103,0.353
2026-02-09 17:55:00,1.62,2.34,0,0.400,877,0.373
2026-02-09 17:56:00,1.27,1.79,0,0.401,1062,0.358
2026-02-09 17:57:00,1.72,2.45,0,0.433,1051,0.435
2026-02-09 17:58:00,1.43,2.03,0,0.415,1108,0.385
2026-02-09 17:59:00,1.63,2.36,0,0.414,991,0.420
2026-02-09 18:00:00,1.54,2.22,0,0.380,1090,0.358
2026-02-09 18:01:00,1.77,2.57,0,0.478,1026,0.440
2026-02-09 18:02:00,1.36,1.93,0,0.357,1013,0.377
2026-02-09 18:03:00,1.46,2.09,0,0.390,1026,0.354
2026-02-09 18:04:00,1.31,1.88,0.000109,0.382,924,0.371
2026-02-09 18:05:00,1.29,1.82,0,0.363,953,0.445
2026-02-09 18:06:00,1.39,2.01,0,0.552,981,0.365
2026-02-09 18:07:00,1.10,1.57,0,0.303,1003,0.368
2026-02-09 18:08:00,2.46,3.68,0,0.621,876,0.530
2026-02-09 18:09:00,1.69,2.44,0,0.456,996,0.414
2026-02-09 18:10:00,1.55,2.25,0,0.450,928,0.406
2026-02-09 18:11:00,1.51,2.20,0,0.381,863,0.391
2026-02-09 18:12:00,1.53,2.24,0,0.499,891,0.367
2026-02-09 18:13:00,1.32,1.90,0,0.354,873,0.349
2026-02-09 18:14:00,1.72,2.55,0,0.458,943,0.448
2026-02-09 18:15:00,1.20,1.71,0,0.427,840,0.371
2026-02-09 18:16:00,1.44,2.08,0,0.367,957,0.357
2026-02-09 18:17:00,1.31,1.88,0,0.352,914,0.350
2026-02-09 18:18:00,1.19,1.73,0,0.594,972,0.398
2026-02-09 18:19:00,1.48,2.17,0,0.389,1020,0.420
2026-02-09 18:20:00,1.64,2.43,0,0.530,947,0.425
2026-02-09 18:21:00,1.04,1.47,0,0.292,963,0.399
2026-02-09 18:22:00,1.25,1.81,0,0.329,1004,0.326
2026-02-09 18:23:00,1.73,2.58,0,0.421,839,0.405
2026-02-09 18:24:00,1.34,1.95,0.0748,0.564,905,0.504
2026-02-09 18:25:00,1.16,1.66,0,0.337,945,0.349
2026-02-09 18:26:00,1.37,1.98,0.0000543,0.352,993,0.344
2026-02-09 18:27:00,1.05,1.46,0,0.305,943,0.381
2026-02-09 18:28:00,1.34,1.95,0,0.378,893,0.370
2026-02-09 18:29:00,1.30,1.88,0,0.360,903,0.353
2026-02-09 18:30:00,1.43,2.08,0,0.365,922,0.373
2026-02-09 18:31:00,1.08,1.53,0,0.361,964,0.383
2026-02-09 18:32:00,1.05,1.49,0,0.356,801,0.363
2026-02-09 18:33:00,2.72,4.03,0,0.710,901,0.664
2026-02-09 18:34:00,1.47,2.17,0,0.577,898,0.379
2026-02-09 18:35:00,1.21,1.75,0,0.324,900,0.363
2026-02-09 18:36:00,1.32,1.88,0.196,0.387,803,0.593
2026-02-09 18:37:00,1.21,1.74,0,0.959,801,0.370
2026-02-09 18:38:00,1.71,2.53,0,0.639,941,0.392
2026-02-09 18:39:00,1.02,1.42,0,0.310,962,0.312
2026-02-09 18:40:00,1.16,1.67,0,0.355,1038,0.330
2026-02-09 18:41:00,1.32,1.90,0,0.549,996,0.341
2026-02-09 18:42:00,1.26,1.81,0,0.389,898,0.348
2026-02-09 18:43:00,1.23,1.77,0,0.368,921,0.347
2026-02-09 18:44:00,1.41,2.06,0,0.440,845,0.352
2026-02-09 18:45:00,1.18,1.67,0,0.338,964,0.351
2026-02-09 18:46:00,1.28,1.85,0.0000543,0.435,1047,0.360
2026-02-09 18:47:00,1.23,1.77,0,0.361,920,0.335
2026-02-09 18:48:00,1.78,2.63,0,0.483,928,0.433
2026-02-09 18:49:00,1.33,1.93,0,0.384,877,0.379
2026-02-09 18:50:00,1.19,1.72,0,0.341,880,0.327
2026-02-09 18:51:00,1.21,1.73,0,0.450,796,0.343
2026-02-09 18:52:00,1.23,1.76,0,0.330,863,0.398
2026-02-09 18:53:00,0.834,1.15,0,0.383,842,0.339
2026-02-09 18:54:00,1.16,1.64,0,0.310,796,0.318
2026-02-09 18:55:00,1.18,1.67,0,0.356,876,0.366
2026-02-09 18:56:00,1.31,1.88,0.0000543,0.425,912,0.364
2026-02-09 18:57:00,1.23,1.78,0,0.317,831,0.330
2026-02-09 18:58:00,1.51,2.20,0,0.425,796,0.375
2026-02-09 18:59:00,1.61,2.32,0,0.414,854,0.391
2026-02-09 19:00:00,1.85,2.71,0,0.475,758,0.398
2026-02-09 19:01:00,1.15,1.65,0,0.311,878,0.327
2026-02-09 19:02:00,0.927,1.27,0,0.277,726,0.316
2026-02-09 19:03:00,1.39,2.03,0,0.383,733,0.354
2026-02-09 19:04:00,1.15,1.64,0,0.375,728,0.370
2026-02-09 19:05:00,1.26,1.82,0,0.426,878,0.371
2026-02-09 19:06:00,1.57,2.32,0,0.512,833,0.379
2026-02-09 19:07:00,1.21,1.76,0,0.318,797,0.344
2026-02-09 19:08:00,1.49,2.18,0,0.366,849,0.363
2026-02-09 19:09:00,1.15,1.64,0,0.809,738,0.321
2026-02-09 19:10:00,1.39,2.02,0,0.318,821,0.341
2026-02-09 19:11:00,1.32,1.91,0,0.326,901,0.325
2026-02-09 19:12:00,1.33,1.91,0,0.323,764,0.366
2026-02-09 19:13:00,1.03,1.46,0,0.266,802,0.313
2026-02-09 19:14:00,1.72,2.54,0,0.402,874,0.359
2026-02-09 19:15:00,0.939,1.31,0,0.280,805,0.295
2026-02-09 19:16:00,1.37,1.98,0.0000109,0.396,769,0.374
2026-02-09 19:17:00,1.21,1.74,0,0.271,795,0.300
2026-02-09 19:18:00,1.45,2.11,0,0.400,764,0.341
2026-02-09 19:19:00,1.08,1.53,0,0.309,733,0.338
2026-02-09 19:20:00,1.30,1.89,0,0.312,778,0.299
2026-02-09 19:21:00,1.21,1.73,0,0.364,696,0.342
2026-02-09 19:22:00,1.53,2.27,0,0.399,740,0.417
2026-02-09 19:23:00,1.04,1.45,0,0.297,680,0.312
2026-02-09 19:24:00,1.13,1.59,0,0.350,725,0.337
2026-02-09 19:25:00,1.35,1.92,0.0277,0.607,736,0.596
2026-02-09 19:26:00,1.32,1.93,0.0000434,0.305,642,0.317
2026-02-09 19:27:00,1.94,2.90,0,0.625,689,0.473
2026-02-09 19:28:00,1.84,2.72,0,0.438,704,0.416
2026-02-09 19:29:00,1.02,1.45,0,0.243,663,0.312
2026-02-09 19:30:00,1.05,1.48,0,0.394,697,0.317
2026-02-09 19:31:00,1.44,2.09,0,0.328,849,0.339
2026-02-09 19:32:00,1.27,1.84,0,0.297,653,0.311
2026-02-09 19:33:00,1.32,1.90,0,0.340,697,0.349
2026-02-09 19:34:00,1.25,1.81,0,0.327,773,0.350
2026-02-09 19:35:00,1.23,1.79,0,0.469,688,0.305
2026-02-09 19:36:00,1.33,1.95,0.0000543,0.321,710,0.329
2026-02-09 19:37:00,1.47,2.11,0,0.363,774,0.372
2026-02-09 19:38:00,0.849,1.16,0,0.274,691,0.314
2026-02-09 19:39:00,1.45,2.12,0,0.397,749,0.417
2026-02-09 19:40:00,1.58,2.32,0,0.382,747,0.380
2026-02-09 19:41:00,1.51,2.22,0,0.365,684,0.444
2026-02-09 19:42:00,1.05,1.48,0,0.369,769,0.298
2026-02-09 19:43:00,1.34,1.92,0,0.343,626,0.363
2026-02-09 19:44:00,1.12,1.60,0,0.338,708,0.330
2026-02-09 19:45:00,1.39,2.03,0,0.521,638,0.334
2026-02-09 19:46:00,1.55,2.27,0.0000543,0.341,695,0.386
2026-02-09 19:47:00,1.56,2.29,0,0.410,682,0.395
2026-02-09 19:48:00,1.21,1.75,0,0.317,742,0.381
2026-02-09 19:49:00,0.819,1.12,0,0.195,717,0.301
2026-02-09 19:50:00,1.12,1.57,0,0.348,737,0.320
2026-02-09 19:51:00,1.04,1.47,0,0.336,679,0.370
2026-02-09 19:52:00,1.36,1.97,0,0.310,741,0.345
2026-02-09 19:53:00,1.37,1.99,0,0.349,673,0.337
2026-02-09 19:54:00,0.874,1.22,0,0.227,704,0.287
2026-02-09 19:55:00,1.41,2.05,0,0.329,698,0.329
2026-02-09 19:56:00,1.22,1.78,0,0.432,757,0.314
2026-02-09 19:57:00,1.58,2.30,0,0.525,695,0.428
2026-02-09 19:58:00,0.983,1.38,0,0.242,671,0.300
2026-02-09 19:59:00,1.22,1.71,0,0.617,626,0.358
2026-02-09 20:00:00,0.821,1.13,0,0.231,669,0.297
2026-02-09 20:01:00,0.884,1.23,0,0.216,593,0.303
2026-02-09 20:02:00,0.859,1.19,0,0.257,639,0.327
2026-02-09 20:03:00,1.37,2.00,0,0.333,726,0.336
2026-02-09 20:04:00,1.91,2.82,0,0.419,756,0.398
2026-02-09 20:05:00,1.11,1.60,0,0.310,723,0.304
2026-02-09 20:06:00,0.935,1.32,0.0000543,0.235,665,0.376
2026-02-09 20:07:00,0.846,1.17,0,0.319,694,0.280
2026-02-09 20:08:00,1.32,1.92,0,0.447,615,0.333
2026-02-09 20:09:00,2.02,3.05,0,0.480,761,0.442
2026-02-09 20:10:00,0.930,1.31,0,0.239,680,0.410
2026-02-09 20:11:00,0.779,1.06,0,0.242,715,0.297
2026-02-09 20:12:00,1.32,1.91,0,0.345,719,0.363
2026-02-09 20:13:00,1.01,1.43,0,0.258,626,0.293
2026-02-09 20:14:00,1.57,2.34,0,0.399,578,0.346
2026-02-09 20:15:00,1.06,1.51,0,0.289,582,0.347
2026-02-09 20:16:00,0.990,1.38,0,0.275,633,0.305
2026-02-09 20:17:00,0.821,1.14,0,0.296,644,0.291
2026-02-09 20:18:00,1.13,1.62,0,0.277,599,0.325
2026-02-09 20:19:00,1.30,1.93,0,0.307,532,0.310
2026-02-09 20:20:00,0.992,1.38,0.0170,0.352,612,0.553
2026-02-09 20:21:00,0.913,1.28,0,1.08,619,0.402
2026-02-09 20:22:00,1.77,2.61,0,0.473,563,0.434
2026-02-09 20:23:00,0.783,1.07,0,0.253,495,0.283
2026-02-09 20:24:00,1.75,2.65,0,0.370,544,0.335
2026-02-09 20:25:00,1.22,1.76,0,0.324,575,0.333
2026-02-09 20:26:00,1.12,1.60,0.0000543,0.401,598,0.306
2026-02-09 20:27:00,0.825,1.14,0,0.241,596,0.295
2026-02-09 20:28:00,1.16,1.67,0,0.287,569,0.306
2026-02-09 20:29:00,1.19,1.70,0,0.368,590,0.365
2026-02-09 20:30:00,1.58,2.34,0,0.374,573,0.360
2026-02-09 20:31:00,0.783,1.07,0,0.261,528,0.292
2026-02-09 20:32:00,1.54,2.23,0,0.419,501,0.402
2026-02-09 20:33:00,1.11,1.56,0,0.327,596,0.356
2026-02-09 20:34:00,0.918,1.30,0,0.294,510,0.299
2026-02-09 20:35:00,0.959,1.34,0,1.17,521,0.374
2026-02-09 20:36:00,1.08,1.52,0.0000109,0.349,507,0.341
2026-02-09 20:37:00,0.938,1.32,0,0.273,565,0.341
2026-02-09 20:38:00,0.791,1.06,0,0.261,542,0.292
2026-02-09 20:39:00,0.976,1.36,0,0.269,466,0.438
2026-02-09 20:40:00,0.933,1.32,0,0.928,529,0.408
2026-02-09 20:41:00,1.28,1.81,0,0.428,520,0.390
2026-02-09 20:42:00,0.987,1.39,0,0.260,528,0.324
2026-02-09 20:43:00,1.25,1.76,0,0.347,530,0.390
2026-02-09 20:44:00,1.09,1.55,0,0.313,501,0.362
2026-02-09 20:45:00,0.956,1.34,0,0.315,495,0.367
2026-02-09 20:46:00,1.02,1.46,0.0000109,1.09,579,0.359
2026-02-09 20:47:00,0.842,1.13,0,0.307,547,0.351
2026-02-09 20:48:00,1.41,2.06,0,0.372,580,0.351
2026-02-09 20:49:00,1.37,2.01,0,0.381,519,0.329
2026-02-09 20:50:00,0.639,0.857,0,0.191,443,0.272
2026-02-09 20:51:00,1.04,1.46,0,0.450,581,0.326
2026-02-09 20:52:00,0.892,1.25,0,0.409,563,0.311
2026-02-09 20:53:00,0.828,1.14,0,0.270,561,0.281
2026-02-09 20:54:00,1.11,1.59,0,0.275,521,0.296
2026-02-09 20:55:00,1.24,1.78,0,0.336,532,0.354
2026-02-09 20:56:00,1.30,1.87,0,0.360,461,0.333
2026-02-09 20:57:00,0.763,1.04,0,0.202,441,0.288
2026-02-09 20:58:00,0.782,1.08,0,0.242,496,0.274
2026-02-09 20:59:00,1.21,1.75,0,0.291,476,0.305
2026-02-09 21:00:00,0.903,1.26,0,0.234,531,0.277
2026-02-09 21:01:00,1.14,1.62,0,0.365,540,0.352
2026-02-09 21:02:00,1.03,1.44,0,0.280,504,0.309
2026-02-09 21:03:00,0.716,0.936,0,0.249,488,0.287
2026-02-09 21:04:00,1.17,1.67,0,0.396,417,0.347
2026-02-09 21:05:00,0.603,0.779,0,0.184,506,0.267
2026-02-09 21:06:00,1.07,1.54,0,0.407,469,0.296
2026-02-09 21:07:00,1.10,1.59,0,0.334,536,0.349
2026-02-09 21:08:00,1.28,1.83,0,0.309,494,0.365
2026-02-09 21:09:00,0.694,0.949,0,0.151,453,0.264
2026-02-09 21:10:00,1.23,1.79,0,0.442,441,0.325
2026-02-09 21:11:00,1.38,2.04,0.00728,0.367,438,0.458
2026-02-09 21:12:00,0.775,1.07,0,0.186,412,0.293
2026-02-09 21:13:00,0.974,1.39,0.0260,0.243,476,0.494
2026-02-09 21:14:00,0.850,1.19,0,0.486,366,0.277
2026-02-09 21:15:00,0.979,1.37,0,0.242,458,0.355
2026-02-09 21:16:00,0.509,0.644,0.0000543,0.138,465,0.254
2026-02-09 21:17:00,0.959,1.35,0,0.258,510,0.289
2026-02-09 21:18:00,0.638,0.838,0,0.187,496,0.273
2026-02-09 21:19:00,0.699,0.948,0,0.166,395,0.259
2026-02-09 21:20:00,0.787,1.09,0,0.207,453,0.277
2026-02-09 21:21:00,0.939,1.31,0,0.256,371,0.291
2026-02-09 21:22:00,0.555,0.726,0,0.144,456,0.272
2026-02-09 21:23:00,0.816,1.12,0,0.237,446,0.332
2026-02-09 21:24:00,1.05,1.51,0,0.237,469,0.278
2026-02-09 21:25:00,0.710,0.956,0,0.203,463,0.368
2026-02-09 21:26:00,1.22,1.75,0.0000543,0.492,437,0.357
2026-02-09 21:27:00,1.05,1.49,0,0.237,442,0.282
2026-02-09 21:28:00,0.797,1.09,0,0.240,393,0.286
2026-02-09 21:29:00,0.761,1.05,0,0.183,447,0.288
2026-02-09 21:30:00,1.10,1.59,0,0.225,521,0.277
2026-02-09 21:31:00,0.752,1.03,0,0.196,528,0.277
2026-02-09 21:32:00,1.21,1.77,0,0.290,450,0.342
2026-02-09 21:33:00,0.806,1.11,0,0.175,403,0.259
2026-02-09 21:34:00,1.13,1.60,0,0.305,420,0.347
2026-02-09 21:35:00,0.812,1.11,0,0.213,372,0.280
2026-02-09 21:36:00,0.543,0.708,0.0000543,0.127,418,0.242
2026-02-09 21:37:00,1.25,1.80,0,0.300,417,0.430
2026-02-09 21:38:00,0.574,0.735,0,0.176,442,0.263
2026-02-09 21:39:00,0.920,1.29,0,0.215,444,0.270
2026-02-09 21:40:00,0.743,1.02,0,0.178,432,0.262
2026-02-09 21:41:00,0.698,0.939,0,0.179,405,0.268
2026-02-09 21:42:00,1.10,1.54,0,0.409,417,0.329
2026-02-09 21:43:00,1.52,2.25,0,0.475,436,0.393
2026-02-09 21:44:00,0.465,0.576,0,0.152,386,0.235
2026-02-09 21:45:00,1.04,1.48,0,0.269,340,0.330
2026-02-09 21:46:00,0.897,1.26,0,0.233,394,0.332
2026-02-09 21:47:00,0.678,0.901,0,0.337,421,0.264
2026-02-09 21:48:00,0.908,1.29,0,0.242,411,0.364
2026-02-09 21:49:00,0.791,1.10,0,0.239,350,0.269
2026-02-09 21:50:00,0.671,0.911,0,0.236,377,0.281
2026-02-09 21:51:00,0.675,0.924,0,0.224,371,0.258
2026-02-09 21:52:00,0.828,1.14,0,0.219,357,0.284
2026-02-09 21:53:00,0.868,1.20,0,0.244,351,0.268
2026-02-09 21:54:00,0.735,1.03,0,0.180,296,0.244
2026-02-09 21:55:00,0.733,1.01,0,0.174,407,0.267
2026-02-09 21:56:00,0.662,0.900,0.0000543,0.251,367,0.255
2026-02-09 21:57:00,0.684,0.925,0,0.184,352,0.263
2026-02-09 21:58:00,0.549,0.700,0,0.160,311,0.261
2026-02-09 21:59:00,0.919,1.30,0,0.239,306,0.277
2026-02-09 22:00:00,0.913,1.28,0,0.258,345,0.295
2026-02-09 22:01:00,0.999,1.44,0,0.221,365,0.292
2026-02-09 22:02:00,1.10,1.54,0,0.279,372,0.341
2026-02-09 22:03:00,1.15,1.62,0,0.332,349,0.356
2026-02-09 22:04:00,0.872,1.23,0,0.215,337,0.291
2026-02-09 22:05:00,0.856,1.19,0,0.255,339,0.348
2026-02-09 22:06:00,0.620,0.817,0,0.255,368,0.296
2026-02-09 22:07:00,0.659,0.887,0,0.168,363,0.260
2026-02-09 22:08:00,0.475,0.576,0,0.277,317,0.272
2026-02-09 22:09:00,0.770,1.06,0,0.208,363,0.266
2026-02-09 22:10:00,0.775,1.08,0,0.206,302,0.272
2026-02-09 22:11:00,0.602,0.797,0,0.159,343,0.318
2026-02-09 22:12:00,1.04,1.48,0,0.281,418,0.312
2026-02-09 22:13:00,0.693,0.938,0,0.176,391,0.261
2026-02-09 22:14:00,1.36,1.99,0,0.366,368,0.366
2026-02-09 22:15:00,0.691,0.943,0,0.209,336,0.263
2026-02-09 22:16:00,0.779,1.06,0,0.219,343,0.289
2026-02-09 22:17:00,0.684,0.931,0,0.259,360,0.267
2026-02-09 22:18:00,0.909,1.28,0,0.335,349,0.290
2026-02-09 22:19:00,0.492,0.621,0,0.135,279,0.256
2026-02-09 22:20:00,0.544,0.705,0,0.168,360,0.257
2026-02-09 22:21:00,0.695,0.949,0,0.174,316,0.278
2026-02-09 22:22:00,0.727,0.998,0,0.244,324,0.267
2026-02-09 22:23:00,0.773,1.08,0,0.190,269,0.263
2026-02-09 22:24:00,0.479,0.602,0,0.150,261,0.242
2026-02-09 22:25:00,0.693,0.934,0,0.198,328,0.265
2026-02-09 22:26:00,0.496,0.630,0,0.147,353,0.250
2026-02-09 22:27:00,0.576,0.757,0,0.159,352,0.249
2026-02-09 22:28:00,0.619,0.809,0.000868,0.180,260,0.377
2026-02-09 22:29:00,0.522,0.660,0,0.199,431,0.255
2026-02-09 22:30:00,0.624,0.848,0,0.165,352,0.251
2026-02-09 22:31:00,0.752,1.02,0,0.217,293,0.275
2026-02-09 22:32:00,0.436,0.532,0,0.164,257,0.236
2026-02-09 22:33:00,0.862,1.21,0,0.259,268,0.279
2026-02-09 22:34:00,0.488,0.602,0.0281,0.152,281,0.337
2026-02-09 22:35:00,0.634,0.860,0.00562,0.184,316,0.480
2026-02-09 22:36:00,0.808,1.13,0.0000434,0.187,369,0.263
2026-02-09 22:37:00,0.971,1.38,0,0.252,289,0.295
2026-02-09 22:38:00,0.552,0.718,0,0.184,254,0.263
2026-02-09 22:39:00,0.377,0.439,0,0.138,280,0.229
2026-02-09 22:40:00,0.576,0.757,0,0.157,285,0.255
2026-02-09 22:41:00,0.398,0.479,0,0.190,272,0.227
2026-02-09 22:42:00,0.975,1.38,0,0.262,272,0.282
2026-02-09 22:43:00,1.06,1.53,0,0.266,299,0.365
2026-02-09 22:44:00,0.808,1.11,0,0.250,289,0.272
2026-02-09 22:45:00,0.892,1.24,0,0.289,291,0.309
2026-02-09 22:46:00,0.422,0.513,0,0.0998,291,0.260
2026-02-09 22:47:00,0.441,0.548,0,0.125,316,0.232
2026-02-09 22:48:00,0.686,0.932,0,0.191,360,0.249
2026-02-09 22:49:00,0.525,0.684,0,0.144,328,0.245
2026-02-09 22:50:00,0.841,1.18,0,0.211,251,0.264
2026-02-09 22:51:00,0.429,0.526,0,0.127,264,0.239
2026-02-09 22:52:00,0.686,0.933,0,0.260,237,0.276
2026-02-09 22:53:00,0.604,0.807,0,0.165,248,0.320
2026-02-09 22:54:00,0.566,0.741,0,0.157,277,0.252
2026-02-09 22:55:00,0.556,0.716,0,0.156,238,0.246
2026-02-09 22:56:00,0.744,1.04,0,0.178,242,0.254
2026-02-09 22:57:00,0.488,0.622,0,0.117,229,0.228
2026-02-09 22:58:00,0.400,0.477,0,0.158,231,0.235
2026-02-09 22:59:00,0.774,1.08,0,0.198,210,0.262
2026-02-09 23:00:00,0.395,0.471,0,0.112,266,0.229
2026-02-09 23:01:00,0.756,1.06,0,0.191,251,0.285
2026-02-09 23:02:00,0.549,0.720,0,0.164,237,0.248
2026-02-09 23:03:00,0.654,0.885,0,0.160,221,0.255
2026-02-09 23:04:00,0.777,1.09,0,0.222,218,0.393
2026-02-09 23:05:00,0.413,0.479,0,0.198,216,0.248
2026-02-09 23:06:00,0.388,0.469,0.0000543,0.139,199,0.234
2026-02-09 23:07:00,0.858,1.20,0,0.215,248,0.286
2026-02-09 23:08:00,0.402,0.480,0,0.122,239,0.244
2026-02-09 23:09:00,0.516,0.665,0,0.192,236,0.240
2026-02-09 23:10:00,0.424,0.525,0,0.124,225,0.238
2026-02-09 23:11:00,0.416,0.505,0,0.113,186,0.238
2026-02-09 23:12:00,0.722,1.00,0,0.201,202,0.250
2026-02-09 23:13:00,0.480,0.608,0,0.128,238,0.256
2026-02-09 23:14:00,0.421,0.512,0,0.120,183,0.225
2026-02-09 23:15:00,0.543,0.706,0,0.150,181,0.269
2026-02-09 23:16:00,0.746,1.03,0.0000543,0.197,161,0.269
2026-02-09 23:17:00,0.382,0.452,0,0.0964,222,0.226
2026-02-09 23:18:00,0.593,0.783,0,0.151,217,0.246
2026-02-09 23:19:00,0.553,0.719,0,0.139,205,0.364
2026-02-09 23:20:00,0.591,0.796,0,0.131,221,0.264
2026-02-09 23:21:00,0.401,0.481,0,0.128,206,0.235
2026-02-09 23:22:00,0.358,0.410,0,0.0946,225,0.260
2026-02-09 23:23:00,0.596,0.783,0,0.184,219,0.278
2026-02-09 23:24:00,0.676,0.930,0,0.244,211,0.281
2026-02-09 23:25:00,0.399,0.483,0,0.104,221,0.234
2026-02-09 23:26:00,0.565,0.735,0,0.216,230,0.290
2026-02-09 23:27:00,0.443,0.555,0,0.139,202,0.239
2026-02-09 23:28:00,0.442,0.554,0,0.118,266,0.241
2026-02-09 23:29:00,0.780,1.06,0,0.221,165,0.290
2026-02-09 23:30:00,0.543,0.715,0,0.190,181,0.251
2026-02-09 23:31:00,0.368,0.426,0,0.111,198,0.227
2026-02-09 23:32:00,0.465,0.587,0,0.128,165,0.225
2026-02-09 23:33:00,0.531,0.680,0,0.153,153,0.245
2026-02-09 23:34:00,0.367,0.429,0,0.0975,210,0.230
2026-02-09 23:35:00,0.608,0.825,0,0.206,170,0.250
2026-02-09 23:36:00,0.465,0.579,0.0000109,0.131,164,0.243
2026-02-09 23:37:00,0.713,0.968,0,0.188,175,0.253
2026-02-09 23:38:00,0.377,0.448,0,0.114,195,0.226
2026-02-09 23:39:00,0.370,0.438,0,0.0962,156,0.229
2026-02-09 23:40:00,0.552,0.724,0,0.128,196,0.242
2026-02-09 23:41:00,0.402,0.481,0,0.144,200,0.228
2026-02-09 23:42:00,0.563,0.741,0,0.138,186,0.239
2026-02-09 23:43:00,0.581,0.763,0,0.144,198,0.237
2026-02-09 23:44:00,0.369,0.434,0,0.123,154,0.220
2026-02-09 23:45:00,0.440,0.548,0,0.113,179,0.233
2026-02-09 23:46:00,0.358,0.424,0,0.112,197,0.221
2026-02-09 23:47:00,0.570,0.747,0,0.191,188,0.247
2026-02-09 23:48:00,0.489,0.627,0,0.148,178,0.261
2026-02-09 23:49:00,0.590,0.798,0,0.152,212,0.249
2026-02-09 23:50:00,0.335,0.383,0,0.109,147,0.230
2026-02-09 23:51:00,0.730,0.963,0,0.197,168,0.299
2026-02-09 23:52:00,0.519,0.680,0,0.139,188,0.249
2026-02-09 23:53:00,0.346,0.391,0,0.128,171,0.228
2026-02-09 23:54:00,0.326,0.375,0,0.0911,161,0.232
2026-02-09 23:55:00,0.515,0.666,0,0.141,188,0.241
2026-02-09 23:56:00,0.426,0.516,0,0.123,184,0.236
2026-02-09 23:57:00,0.374,0.449,0,0.109,170,0.232
2026-02-09 23:58:00,0.561,0.742,0,0.153,184,0.251
2026-02-09 23:59:00,0.332,0.368,0,0.110,175,0.234
2026-02-10 00:00:00,0.380,0.459,0,0.107,165,0.254
2026-02-10 00:01:00,0.397,0.474,0,0.114,180,0.245
2026-02-10 00:02:00,0.488,0.620,0,0.133,174,0.256
2026-02-10 00:03:00,0.507,0.635,0,0.164,164,0.261
2026-02-10 00:04:00,0.390,0.462,0,0.122,177,0.237
2026-02-10 00:05:00,0.592,0.784,0,0.181,147,0.259
2026-02-10 00:06:00,0.357,0.402,0,0.126,171,0.251
2026-02-10 00:07:00,0.570,0.755,0,0.181,171,0.261
2026-02-10 00:08:00,0.387,0.465,0,0.115,166,0.235
2026-02-10 00:09:00,0.556,0.739,0,0.145,199,0.244
2026-02-10 00:10:00,1.20,1.75,0,0.342,194,0.384
2026-02-10 00:11:00,0.377,0.455,0,0.132,166,0.248
2026-02-10 00:12:00,0.390,0.457,0,0.122,169,0.249
2026-02-10 00:13:00,0.656,0.894,0,0.173,157,0.247
2026-02-10 00:14:00,0.373,0.449,0,0.156,176,0.228
2026-02-10 00:15:00,0.375,0.437,0,0.118,168,0.239
2026-02-10 00:16:00,0.583,0.766,0,0.178,156,0.247
2026-02-10 00:17:00,0.495,0.643,0,0.177,149,0.248
2026-02-10 00:18:00,0.561,0.750,0,0.157,190,0.249
2026-02-10 00:19:00,0.382,0.461,0,0.165,137,0.230
2026-02-10 00:20:00,0.495,0.642,0,0.122,123,0.228
2026-02-10 00:21:00,0.386,0.463,0,0.142,141,0.231
2026-02-10 00:22:00,0.392,0.476,0,0.119,174,0.227
2026-02-10 00:23:00,0.582,0.761,0,0.169,182,0.248
2026-02-10 00:24:00,0.348,0.400,0,0.104,172,0.233
2026-02-10 00:25:00,0.372,0.440,0,0.113,149,0.239
2026-02-10 00:26:00,0.342,0.396,0,0.117,176,0.228
2026-02-10 00:27:00,0.359,0.416,0,0.0996,162,0.229
2026-02-10 00:28:00,0.314,0.348,0,0.0981,154,0.235
2026-02-10 00:29:00,0.480,0.605,0,0.260,141,0.242
2026-02-10 00:30:00,0.397,0.485,0,0.110,127,0.216
2026-02-10 00:31:00,0.390,0.471,0,0.110,140,0.231
2026-02-10 00:32:00,0.535,0.698,0,0.147,154,0.233
2026-02-10 00:33:00,0.363,0.416,0,0.136,135,0.221
2026-02-10 00:34:00,0.334,0.385,0,0.103,121,0.224
2026-02-10 00:35:00,0.328,0.377,0,0.101,132,0.230
2026-02-10 00:36:00,0.357,0.417,0.0000543,0.117,125,0.223
2026-02-10 00:37:00,0.693,0.954,0,0.179,124,0.249
2026-02-10 00:38:00,0.340,0.390,0,0.107,130,0.233
2026-02-10 00:39:00,0.358,0.416,0,0.104,148,0.217
2026-02-10 00:40:00,0.348,0.408,0,0.101,128,0.234
2026-02-10 00:41:00,0.323,0.371,0,0.109,114,0.224
2026-02-10 00:42:00,0.790,1.12,0,0.199,144,0.243
2026-02-10 00:43:00,0.325,0.365,0,0.0902,138,0.222
2026-02-10 00:44:00,0.368,0.437,0,0.121,129,0.222
2026-02-10 00:45:00,0.446,0.564,0,0.134,127,0.235
2026-02-10 00:46:00,0.597,0.801,0,0.160,126,0.331
2026-02-10 00:47:00,0.327,0.378,0,0.0901,126,0.212
2026-02-10 00:48:00,0.336,0.385,0,0.0937,129,0.212
2026-02-10 00:49:00,0.449,0.575,0,0.111,160,0.222
2026-02-10 00:50:00,0.511,0.661,0,0.131,145,0.230
2026-02-10 00:51:00,0.458,0.583,0,0.129,144,0.222
2026-02-10 00:52:00,0.323,0.371,0,0.0997,121,0.225
2026-02-10 00:53:00,0.425,0.520,0,0.111,128,0.230
2026-02-10 00:54:00,0.540,0.704,0,0.293,149,0.261
2026-02-10 00:55:00,1.03,1.48,0,0.322,137,0.373
2026-02-10 00:56:00,0.832,1.16,0,0.249,155,0.285
2026-02-10 00:57:00,0.324,0.374,0,0.0873,135,0.220
2026-02-10 00:58:00,0.348,0.404,0,0.110,143,0.246
2026-02-10 00:59:00,0.331,0.376,0,0.123,129,0.216
2026-02-10 01:00:00,0.346,0.405,0,0.103,106,0.218
2026-02-10 01:01:00,0.329,0.373,0,0.104,115,0.222
2026-02-10 01:02:00,0.631,0.848,0,0.163,136,0.260
2026-02-10 01:03:00,0.397,0.480,0,0.102,116,0.227
2026-02-10 01:04:00,0.323,0.365,0,0.103,121,0.221
2026-02-10 01:05:00,0.331,0.379,0,0.0848,156,0.209
2026-02-10 01:06:00,0.340,0.385,0.0000543,0.0927,111,0.233
2026-02-10 01:07:00,0.543,0.711,0,0.136,118,0.253
2026-02-10 01:08:00,0.448,0.580,0,0.0928,104,0.230
2026-02-10 01:09:00,0.330,0.384,0,0.0763,110,0.214
2026-02-10 01:10:00,0.565,0.741,0,0.151,113,0.231
2026-02-10 01:11:00,0.773,1.09,0,0.200,126,0.259
2026-02-10 01:12:00,0.376,0.448,0,0.106,105,0.225
2026-02-10 01:13:00,0.494,0.617,0,0.174,93.8,0.232
2026-02-10 01:14:00,0.540,0.707,0,0.154,134,0.234
2026-02-10 01:15:00,0.367,0.435,0,0.0880,117,0.220
2026-02-10 01:16:00,0.373,0.432,0.0000543,0.150,96.0,0.220
2026-02-10 01:17:00,0.509,0.663,0,0.116,114,0.233
2026-02-10 01:18:00,0.351,0.416,0,0.0787,131,0.213
2026-02-10 01:19:00,0.320,0.367,0,0.126,145,0.230
2026-02-10 01:20:00,0.349,0.408,0,0.0866,136,0.225
2026-02-10 01:21:00,0.554,0.724,0,0.136,120,0.236
2026-02-10 01:22:00,0.419,0.534,0,0.0990,113,0.220
2026-02-10 01:23:00,0.513,0.656,0,0.130,114,0.268
2026-02-10 01:24:00,0.330,0.372,0,0.0995,106,0.240
2026-02-10 01:25:00,0.338,0.393,0,0.0951,113,0.221
2026-02-10 01:26:00,0.448,0.582,0.0000543,0.0919,109,0.227
2026-02-10 01:27:00,0.298,0.326,0,0.0817,133,0.216
2026-02-10 01:28:00,0.459,0.590,0,0.136,101,0.270
2026-02-10 01:29:00,0.330,0.378,0,0.0881,97.3,0.212
2026-02-10 01:30:00,0.321,0.363,0,0.0866,94.9,0.222
2026-02-10 01:31:00,0.513,0.660,0.000868,0.128,121,0.351
2026-02-10 01:32:00,0.877,1.27,0,0.217,120,0.303
2026-02-10 01:33:00,0.399,0.481,0,0.100,125,0.251
2026-02-10 01:34:00,0.304,0.341,0,0.0940,104,0.222
2026-02-10 01:35:00,0.480,0.613,0,0.122,92.1,0.241
2026-02-10 01:36:00,0.496,0.645,0,0.130,103,0.227
2026-02-10 01:37:00,0.798,1.09,0,0.236,133,0.300
2026-02-10 01:38:00,0.564,0.748,0,0.158,135,0.237
2026-02-10 01:39:00,0.302,0.331,0,0.104,118,0.562
2026-02-10 01:40:00,0.325,0.376,0,0.986,122,0.255
2026-02-10 01:41:00,0.313,0.350,0,0.130,96.6,0.224
2026-02-10 01:42:00,0.341,0.393,0,0.128,100,0.219
2026-02-10 01:43:00,0.291,0.319,0,0.0742,112,0.220
2026-02-10 01:44:00,0.312,0.353,0,0.0849,110,0.211
2026-02-10 01:45:00,0.510,0.661,0,0.133,132,0.238
2026-02-10 01:46:00,0.317,0.357,0.0000543,0.0992,113,0.217
2026-02-10 01:47:00,0.394,0.479,0,0.0948,131,0.214
2026-02-10 01:48:00,0.305,0.342,0,0.0809,107,0.208
2026-02-10 01:49:00,0.368,0.425,0.0203,0.0993,123,0.292
2026-02-10 01:50:00,0.336,0.386,0,0.0871,128,0.215
2026-02-10 01:51:00,0.439,0.569,0,0.0943,130,0.214
2026-02-10 01:52:00,0.311,0.352,0,0.0901,123,0.218
2026-02-10 01:53:00,0.384,0.466,0,0.182,96.2,0.211
2026-02-10 01:54:00,0.308,0.345,0,0.134,104,0.239
2026-02-10 01:55:00,0.424,0.536,0,0.111,125,0.318
2026-02-10 01:56:00,0.506,0.652,0.0000434,0.506,101,0.236
2026-02-10 01:57:00,0.285,0.311,0,0.0812,110,0.213
2026-02-10 01:58:00,0.298,0.326,0,0.0938,97.0,0.215
2026-02-10 01:59:00,0.298,0.336,0,0.0914,115,0.207
2026-02-10 02:00:00,0.306,0.346,0,0.210,97.1,0.315
2026-02-10 02:01:00,0.310,0.346,0,0.135,92.5,0.215
2026-02-10 02:02:00,0.512,0.663,0,0.138,109,0.240
2026-02-10 02:03:00,0.330,0.369,0,0.0906,132,0.310
2026-02-10 02:04:00,0.309,0.349,0,0.0961,125,0.223
2026-02-10 02:05:00,0.338,0.386,0,0.121,97.4,0.220
2026-02-10 02:06:00,0.314,0.347,0,0.0930,97.6,0.221
2026-02-10 02:07:00,0.393,0.490,0,0.157,91.0,0.219
2026-02-10 02:08:00,0.324,0.375,0,0.0966,109,0.214
2026-02-10 02:09:00,0.944,1.33,0,0.253,113,0.332
2026-02-10 02:10:00,0.299,0.332,0,1.01,143,0.452
2026-02-10 02:11:00,0.996,1.41,0,0.287,125,0.339
2026-02-10 02:12:00,0.306,0.338,0,0.0970,128,0.220
2026-02-10 02:13:00,0.326,0.365,0,0.0870,120,0.213
2026-02-10 02:14:00,0.297,0.327,0,0.0839,92.4,0.222
2026-02-10 02:15:00,0.303,0.338,0,0.0938,112,0.235
2026-02-10 02:16:00,0.306,0.342,0,0.0761,101,0.209
2026-02-10 02:17:00,0.526,0.681,0,0.141,104,0.240
2026-02-10 02:18:00,0.299,0.330,0,0.0744,105,0.215
2026-02-10 02:19:00,0.321,0.366,0,0.0855,134,0.213
2026-02-10 02:20:00,0.317,0.356,0,0.0858,110,0.212
2026-02-10 02:21:00,0.341,0.400,0,0.0867,110,0.218
2026-02-10 02:22:00,0.314,0.353,0,0.0812,101,0.207
2026-02-10 02:23:00,0.320,0.362,0,0.195,111,0.212
2026-02-10 02:24:00,0.602,0.817,0,0.142,129,0.225
2026-02-10 02:25:00,0.314,0.356,0,0.0794,109,0.217
2026-02-10 02:26:00,0.292,0.319,0.0000109,0.0832,134,0.208
2026-02-10 02:27:00,0.301,0.339,0,0.0699,133,0.212
2026-02-10 02:28:00,0.294,0.331,0,0.0780,106,0.201
2026-02-10 02:29:00,0.303,0.338,0,0.0823,94.1,0.212
2026-02-10 02:30:00,1.00,1.39,0,0.233,109,0.341
2026-02-10 02:31:00,0.299,0.333,0,0.124,84.8,0.215
2026-02-10 02:32:00,0.535,0.702,0,0.129,113,0.238
2026-02-10 02:33:00,0.297,0.326,0,0.103,117,0.201
2026-02-10 02:34:00,0.292,0.324,0,0.387,89.1,0.223
2026-02-10 02:35:00,0.324,0.369,0,0.0793,124,0.211
2026-02-10 02:36:00,0.303,0.344,0.0000109,0.0748,122,0.213
2026-02-10 02:37:00,0.323,0.367,0,0.0780,137,0.243
2026-02-10 02:38:00,0.417,0.508,0,0.116,104,0.220
2026-02-10 02:39:00,0.280,0.305,0,0.0768,128,0.204
2026-02-10 02:40:00,0.301,0.334,0,0.0775,129,0.211
2026-02-10 02:41:00,0.304,0.347,0,0.0777,133,0.211
2026-02-10 02:42:00,0.808,1.12,0,0.197,95.7,0.269
2026-02-10 02:43:00,0.684,0.932,0,0.200,96.8,0.292
2026-02-10 02:44:00,0.315,0.357,0,0.0887,113,0.209
2026-02-10 02:45:00,0.317,0.361,0,0.102,107,0.209
2026-02-10 02:46:00,0.300,0.334,0,0.0950,136,0.226
2026-02-10 02:47:00,0.303,0.335,0,0.0984,142,0.214
2026-02-10 02:48:00,0.319,0.363,0,0.0956,132,0.222
2026-02-10 02:49:00,0.304,0.344,0,0.0998,124,0.223
2026-02-10 02:50:00,0.325,0.369,0,0.106,103,0.223
2026-02-10 02:51:00,0.309,0.344,0,0.0875,144,0.218
2026-02-10 02:52:00,0.556,0.707,0,0.165,95.9,0.262
2026-02-10 02:53:00,0.314,0.353,0,0.118,112,0.214
2026-02-10 02:54:00,0.338,0.393,0,0.122,100,0.215
2026-02-10 02:55:00,0.311,0.351,0,0.0922,104,0.225
2026-02-10 02:56:00,0.296,0.332,0,0.0905,95.7,0.221
2026-02-10 02:57:00,0.327,0.372,0,0.0865,119,0.219
2026-02-10 02:58:00,0.286,0.311,0,0.0890,99.7,0.218
2026-02-10 02:59:00,0.314,0.356,0,0.0901,119,0.218
2026-02-10 03:00:00,0.460,0.589,0,0.112,110,0.222
2026-02-10 03:01:00,0.306,0.342,0,0.0857,104,0.225
2026-02-10 03:02:00,0.301,0.333,0,0.0909,127,0.220
2026-02-10 03:03:00,0.524,0.683,0,0.142,107,0.267
2026-02-10 03:04:00,0.343,0.395,0,0.152,136,0.243
2026-02-10 03:05:00,0.402,0.479,0,0.172,148,0.262
2026-02-10 03:06:00,0.403,0.501,0,0.105,115,0.230
2026-02-10 03:07:00,0.339,0.381,0,0.113,131,0.236
2026-02-10 03:08:00,0.304,0.337,0,0.0962,127,0.224
2026-02-10 03:09:00,0.313,0.354,0,0.0916,120,0.228
2026-02-10 03:10:00,0.300,0.332,0,0.0905,131,0.217
2026-02-10 03:11:00,0.342,0.398,0,0.0903,124,0.240
2026-02-10 03:12:00,0.312,0.355,0,0.0863,118,0.216
2026-02-10 03:13:00,0.330,0.379,0,0.108,129,0.231
2026-02-10 03:14:00,0.437,0.550,0,0.122,115,0.226
2026-02-10 03:15:00,0.322,0.367,0,0.0919,130,0.224
2026-02-10 03:16:00,0.323,0.368,0,0.0967,141,0.225
2026-02-10 03:17:00,0.301,0.333,0.000206,0.104,117,0.296
2026-02-10 03:18:00,0.309,0.351,0,0.0806,108,0.240
2026-02-10 03:19:00,0.322,0.359,0,0.144,142,0.224
2026-02-10 03:20:00,0.328,0.377,0,0.103,114,0.218
2026-02-10 03:21:00,0.323,0.364,0,0.0882,119,0.221
2026-02-10 03:22:00,0.434,0.552,0,0.104,134,0.221
2026-02-10 03:23:00,0.311,0.348,0,0.0920,165,0.221
2026-02-10 03:24:00,0.331,0.380,0,0.0919,148,0.224
2026-02-10 03:25:00,0.312,0.344,0,0.102,125,0.223
2026-02-10 03:26:00,0.299,0.333,0.0000109,0.0992,140,0.221
2026-02-10 03:27:00,0.320,0.360,0,0.0847,100,0.211
2026-02-10 03:28:00,0.349,0.405,0,0.109,128,0.214
2026-02-10 03:29:00,0.328,0.380,0,0.108,126,0.221
2026-02-10 03:30:00,0.682,0.920,0,0.182,154,0.275
2026-02-10 03:31:00,0.353,0.407,0,0.121,149,0.223
2026-02-10 03:32:00,0.310,0.351,0,0.132,124,0.228
2026-02-10 03:33:00,0.309,0.350,0,0.106,124,0.211
2026-02-10 03:34:00,0.304,0.337,0,0.124,112,0.214
2026-02-10 03:35:00,0.397,0.488,0,0.121,124,0.242
2026-02-10 03:36:00,0.305,0.340,0.0000109,0.0813,134,0.224
2026-02-10 03:37:00,0.369,0.419,0,0.108,142,0.223
2026-02-10 03:38:00,0.310,0.344,0,0.0850,115,0.224
2026-02-10 03:39:00,0.318,0.361,0,0.100,100,0.239
2026-02-10 03:40:00,0.385,0.466,0,0.0883,144,0.212
2026-02-10 03:41:00,0.317,0.362,0,0.0963,136,0.228
2026-02-10 03:42:00,0.506,0.656,0,0.124,146,0.235
2026-02-10 03:43:00,0.353,0.415,0,0.0893,109,0.225
2026-02-10 03:44:00,0.309,0.346,0,0.103,110,0.225
2026-02-10 03:45:00,0.480,0.626,0,0.103,140,0.226
2026-02-10 03:46:00,0.306,0.342,0.0000109,0.0786,156,0.218
2026-02-10 03:47:00,0.311,0.352,0,0.123,135,0.226
2026-02-10 03:48:00,0.584,0.775,0,0.153,104,0.246
2026-02-10 03:49:00,0.320,0.367,0,0.0800,120,0.225
2026-02-10 03:50:00,0.483,0.630,0,0.127,124,0.221
2026-02-10 03:51:00,0.293,0.323,0,0.0788,116,0.218
2026-02-10 03:52:00,0.330,0.382,0,0.0805,119,0.218
2026-02-10 03:53:00,0.315,0.355,0,0.0783,113,0.217
2026-02-10 03:54:00,0.313,0.350,0,0.0780,119,0.212
2026-02-10 03:55:00,0.295,0.329,0,0.0902,133,0.213
2026-02-10 03:56:00,0.419,0.527,0.0000109,0.0912,131,0.486
2026-02-10 03:57:00,0.324,0.369,0,0.0796,157,0.220
2026-02-10 03:58:00,0.302,0.334,0,0.0763,161,0.224
2026-02-10 03:59:00,0.328,0.378,0,0.0836,125,0.214
2026-02-10 04:00:00,0.427,0.536,0,0.1000,118,0.227
2026-02-10 04:01:00,0.319,0.362,0,0.0804,143,0.218
2026-02-10 04:02:00,0.311,0.348,0,0.0849,122,0.218
2026-02-10 04:03:00,0.326,0.361,0,0.0930,153,0.219
2026-02-10 04:04:00,0.310,0.347,0,0.125,153,0.226
2026-02-10 04:05:00,0.310,0.349,0,0.157,145,0.252
2026-02-10 04:06:00,0.319,0.358,0.0000109,0.167,176,0.220
2026-02-10 04:07:00,0.339,0.384,0,0.123,155,0.226
2026-02-10 04:08:00,0.308,0.345,0,0.0796,136,0.224
2026-02-10 04:09:00,0.296,0.331,0,0.0753,126,0.214
2026-02-10 04:10:00,0.337,0.380,0,0.0985,127,0.222
2026-02-10 04:11:00,0.312,0.349,0,0.0874,127,0.267
2026-02-10 04:12:00,0.312,0.352,0,0.0732,124,0.217
2026-02-10 04:13:00,0.327,0.366,0,0.0905,139,0.228
2026-02-10 04:14:00,0.297,0.328,0,0.0902,118,0.217
2026-02-10 04:15:00,0.335,0.385,0,0.0877,183,0.225
2026-02-10 04:16:00,0.324,0.358,0.0000109,0.102,120,0.221
2026-02-10 04:17:00,0.309,0.345,0,0.0988,134,0.228
2026-02-10 04:18:00,0.308,0.350,0,0.0795,141,0.224
2026-02-10 04:19:00,0.533,0.704,0,0.126,144,0.244
2026-02-10 04:20:00,0.310,0.344,0,0.0872,177,0.220
2026-02-10 04:21:00,0.339,0.393,0,0.0898,162,0.230
2026-02-10 04:22:00,0.344,0.401,0,0.0939,159,0.224
2026-02-10 04:23:00,0.498,0.647,0,0.114,136,0.232
2026-02-10 04:24:00,0.328,0.366,0,0.0893,129,0.230
2026-02-10 04:25:00,0.341,0.389,0,0.0914,151,0.223
2026-02-10 04:26:00,0.346,0.403,0,0.0903,166,0.225
2026-02-10 04:27:00,0.321,0.360,0,0.0842,140,0.223
2026-02-10 04:28:00,0.325,0.369,0,0.0843,140,0.253
2026-02-10 04:29:00,0.441,0.560,0,0.160,149,0.227
2026-02-10 04:30:00,0.391,0.471,0,0.114,151,0.231
2026-02-10 04:31:00,0.341,0.397,0,0.0884,126,0.230
2026-02-10 04:32:00,0.332,0.382,0,0.0918,121,0.231
2026-02-10 04:33:00,0.310,0.347,0,0.0796,153,0.228
2026-02-10 04:34:00,0.332,0.380,0,0.0830,139,0.226
2026-02-10 04:35:00,0.513,0.672,0,0.123,167,0.240
2026-02-10 04:36:00,0.333,0.382,0.0000109,0.0954,130,0.244
2026-02-10 04:37:00,0.445,0.567,0,0.0989,136,0.231
2026-02-10 04:38:00,0.341,0.393,0,0.114,150,0.228
2026-02-10 04:39:00,0.540,0.712,0,0.132,139,0.246
2026-02-10 04:40:00,0.343,0.392,0,0.0899,187,0.225
2026-02-10 04:41:00,0.347,0.408,0,0.0917,151,0.229
2026-02-10 04:42:00,0.345,0.397,0,0.0990,158,0.237
2026-02-10 04:43:00,0.363,0.415,0,0.105,136,0.230
2026-02-10 04:44:00,0.380,0.450,0.0000217,0.116,160,0.240
2026-02-10 04:45:00,0.354,0.414,0,0.105,139,0.240
2026-02-10 04:46:00,0.514,0.669,0,0.126,143,0.243
2026-02-10 04:47:00,0.343,0.394,0,0.0929,172,0.221
2026-02-10 04:48:00,0.378,0.449,0,0.120,146,0.247
2026-02-10 04:49:00,0.355,0.409,0,0.108,151,0.232
2026-02-10 04:50:00,0.328,0.373,0,0.0940,193,0.216
2026-02-10 04:51:00,0.316,0.358,0,0.0903,192,0.227
2026-02-10 04:52:00,0.337,0.387,0,0.0877,156,0.213
2026-02-10 04:53:00,0.748,1.00,0,0.212,151,0.295
2026-02-10 04:54:00,0.326,0.373,0,0.0890,180,0.236
2026-02-10 04:55:00,0.487,0.639,0,0.0994,152,0.218
2026-02-10 04:56:00,0.337,0.389,0,0.104,149,0.227
2026-02-10 04:57:00,0.630,0.855,0,0.154,163,0.263
2026-02-10 04:58:00,0.495,0.630,0,0.133,190,0.251
2026-02-10 04:59:00,0.318,0.361,0,0.0994,172,0.227
2026-02-10 05:00:00,0.333,0.377,0,0.120,186,0.228
2026-02-10 05:01:00,0.445,0.561,0,0.112,194,0.244
2026-02-10 05:02:00,0.357,0.419,0,0.0983,161,0.233
2026-02-10 05:03:00,0.346,0.400,0,0.112,159,0.231
2026-02-10 05:04:00,0.581,0.778,0,0.140,174,0.246
2026-02-10 05:05:00,0.321,0.346,0.000868,0.0919,176,0.307
2026-02-10 05:06:00,0.340,0.388,0,0.101,188,0.225
2026-02-10 05:07:00,0.356,0.417,0,0.111,185,0.226
2026-02-10 05:08:00,0.314,0.354,0,0.0946,203,0.223
2026-02-10 05:09:00,0.553,0.733,0,0.138,195,0.249
2026-02-10 05:10:00,0.360,0.422,0,0.125,199,0.228
2026-02-10 05:11:00,0.380,0.451,0,0.112,201,0.231
2026-02-10 05:12:00,0.426,0.523,0,0.122,223,0.237
2026-02-10 05:13:00,0.320,0.358,0,0.0974,183,0.217
2026-02-10 05:14:00,0.506,0.649,0,0.153,187,0.240
2026-02-10 05:15:00,0.359,0.420,0,0.117,210,0.276
2026-02-10 05:16:00,0.397,0.476,0.0000543,0.122,224,0.229
2026-02-10 05:17:00,0.905,1.25,0,0.263,195,0.317
2026-02-10 05:18:00,0.362,0.431,0,0.127,165,0.244
2026-02-10 05:19:00,0.451,0.556,0,0.149,194,0.248
2026-02-10 05:20:00,0.392,0.471,0,0.101,221,0.248
2026-02-10 05:21:00,0.388,0.459,0,0.131,184,0.235
2026-02-10 05:22:00,0.346,0.401,0,0.111,175,0.227
2026-02-10 05:23:00,0.347,0.398,0,0.0960,216,0.236
2026-02-10 05:24:00,0.492,0.630,0,0.251,205,0.242
2026-02-10 05:25:00,0.355,0.408,0,0.108,194,0.232
2026-02-10 05:26:00,0.537,0.717,0,0.115,212,0.237
2026-02-10 05:27:00,0.339,0.392,0,0.103,192,0.224
2026-02-10 05:28:00,0.395,0.472,0,0.137,194,0.233
2026-02-10 05:29:00,0.462,0.583,0,0.114,159,0.236
2026-02-10 05:30:00,0.423,0.522,0,0.269,202,0.260
2026-02-10 05:31:00,0.800,1.10,0,0.257,200,0.341
2026-02-10 05:32:00,0.377,0.426,0,0.110,191,0.238
2026-02-10 05:33:00,0.577,0.770,0,0.149,196,0.244
2026-02-10 05:34:00,0.355,0.418,0,0.116,244,0.236
2026-02-10 05:35:00,0.338,0.388,0,0.0955,210,0.236
2026-02-10 05:36:00,0.536,0.708,0,0.123,184,0.323
2026-02-10 05:37:00,0.346,0.400,0,0.110,187,0.232
2026-02-10 05:38:00,0.440,0.535,0,0.119,205,0.249
2026-02-10 05:39:00,0.376,0.437,0,0.170,208,0.237
2026-02-10 05:40:00,0.361,0.427,0,0.113,245,0.235
2026-02-10 05:41:00,0.569,0.760,0,0.125,238,0.241
2026-02-10 05:42:00,0.345,0.393,0,0.106,236,0.226
2026-02-10 05:43:00,0.349,0.403,0,0.109,270,0.229
2026-02-10 05:44:00,0.504,0.644,0,0.129,235,0.241
2026-02-10 05:45:00,0.378,0.450,0,0.146,214,0.232
2026-02-10 05:46:00,0.464,0.587,0,0.209,191,0.258
2026-02-10 05:47:00,0.496,0.637,0,0.132,198,0.241
2026-02-10 05:48:00,0.367,0.430,0,0.108,214,0.223
2026-02-10 05:49:00,0.392,0.475,0,0.141,198,0.254
2026-02-10 05:50:00,0.566,0.747,0,0.157,198,0.321
2026-02-10 05:51:00,0.569,0.754,0,0.127,229,0.241
2026-02-10 05:52:00,0.344,0.399,0,0.106,183,0.237
2026-02-10 05:53:00,0.373,0.424,0,0.113,192,0.235
2026-02-10 05:54:00,0.353,0.415,0,0.0985,235,0.277
2026-02-10 05:55:00,0.519,0.669,0,0.145,217,0.305
2026-02-10 05:56:00,0.380,0.453,0,0.0927,245,0.224
2026-02-10 05:57:00,0.695,0.956,0,0.157,227,0.245
2026-02-10 05:58:00,0.475,0.606,0,0.113,198,0.242
2026-02-10 05:59:00,0.372,0.437,0,0.0948,228,0.229
2026-02-10 06:00:00,0.657,0.860,0,0.191,240,0.283
2026-02-10 06:01:00,0.413,0.486,0,0.121,187,0.329
2026-02-10 06:02:00,0.398,0.473,0,0.0998,239,0.240
2026-02-10 06:03:00,0.590,0.778,0,0.147,268,0.254
2026-02-10 06:04:00,0.365,0.424,0,0.106,198,0.235
2026-02-10 06:05:00,0.722,0.996,0,0.157,232,0.259
2026-02-10 06:06:00,0.404,0.488,0,0.128,255,0.243
2026-02-10 06:07:00,0.374,0.441,0,0.123,289,0.252
2026-02-10 06:08:00,0.377,0.445,0,0.106,263,0.238
2026-02-10 06:09:00,0.791,1.11,0,0.188,294,0.265
2026-02-10 06:10:00,0.438,0.524,0,0.156,316,0.251
2026-02-10 06:11:00,0.415,0.504,0,0.119,292,0.245
2026-02-10 06:12:00,0.799,1.10,0,0.251,283,0.315
2026-02-10 06:13:00,0.381,0.448,0,0.727,275,0.260
2026-02-10 06:14:00,0.583,0.777,0,0.178,291,0.255
2026-02-10 06:15:00,0.437,0.521,0,0.138,266,0.556
2026-02-10 06:16:00,0.504,0.639,0,0.143,296,0.274
2026-02-10 06:17:00,0.469,0.590,0,0.135,239,0.244
2026-02-10 06:18:00,0.399,0.476,0,0.104,346,0.233
2026-02-10 06:19:00,0.844,1.21,0,0.182,284,0.278
2026-02-10 06:20:00,0.504,0.646,0,0.140,275,0.249
2026-02-10 06:21:00,0.819,1.15,0,0.186,316,0.270
2026-02-10 06:22:00,0.525,0.679,0,0.152,294,0.252
2026-02-10 06:23:00,0.624,0.836,0,0.171,279,0.263
2026-02-10 06:24:00,0.598,0.802,0,0.140,350,0.259
2026-02-10 06:25:00,0.393,0.472,0,0.125,298,0.236
2026-02-10 06:26:00,0.605,0.799,0,0.170,310,0.268
2026-02-10 06:27:00,0.575,0.765,0,0.144,286,0.255
2026-02-10 06:28:00,0.694,0.958,0,0.172,299,0.275
2026-02-10 06:29:00,0.383,0.455,0,0.145,305,0.249
2026-02-10 06:30:00,0.764,1.06,0,0.199,350,0.284
2026-02-10 06:31:00,0.435,0.542,0,0.120,413,0.250
2026-02-10 06:32:00,0.488,0.616,0,0.213,327,0.276
2026-02-10 06:33:00,0.597,0.770,0,0.178,339,0.272
2026-02-10 06:34:00,0.383,0.455,0,0.114,274,0.239
2026-02-10 06:35:00,0.844,1.19,0,0.283,340,0.287
2026-02-10 06:36:00,0.591,0.788,0,0.170,363,0.282
2026-02-10 06:37:00,0.563,0.741,0,0.168,294,0.262
2026-02-10 06:38:00,0.619,0.817,0,0.288,305,0.306
2026-02-10 06:39:00,0.389,0.460,0,0.121,299,0.243
2026-02-10 06:40:00,0.405,0.490,0,0.124,331,0.257
2026-02-10 06:41:00,0.740,1.00,0,0.212,328,0.290
2026-02-10 06:42:00,0.395,0.477,0,0.115,309,0.250
2026-02-10 06:43:00,1.32,1.93,0,0.324,279,0.386
2026-02-10 06:44:00,0.614,0.818,0,0.191,287,0.278
2026-02-10 06:45:00,0.711,0.992,0,0.190,296,0.271
2026-02-10 06:46:00,0.428,0.517,0,0.177,300,0.286
2026-02-10 06:47:00,0.573,0.739,0,0.238,339,0.288
2026-02-10 06:48:00,0.525,0.652,0,0.262,319,0.284
2026-02-10 06:49:00,0.459,0.573,0,0.125,342,0.259
2026-02-10 06:50:00,0.610,0.811,0,0.159,366,0.300
2026-02-10 06:51:00,0.452,0.554,0,0.177,320,0.374
2026-02-10 06:52:00,0.849,1.21,0,0.564,281,0.293
2026-02-10 06:53:00,0.475,0.580,0,0.164,290,0.336
2026-02-10 06:54:00,0.428,0.532,0,0.339,315,0.251
2026-02-10 06:55:00,0.773,1.08,0,0.182,341,0.281
2026-02-10 06:56:00,0.796,1.13,0,0.185,298,0.281
2026-02-10 06:57:00,0.425,0.520,0,0.126,319,0.239
2026-02-10 06:58:00,1.00,1.43,0,0.272,334,0.363
2026-02-10 06:59:00,0.467,0.577,0,0.149,367,0.259
2026-02-10 07:00:00,0.790,1.10,0,0.210,385,0.273
2026-02-10 07:01:00,0.787,1.09,0,0.198,389,0.306
2026-02-10 07:02:00,0.538,0.684,0,0.212,369,0.283
2026-02-10 07:03:00,0.820,1.14,0,0.251,387,0.284
2026-02-10 07:04:00,0.475,0.601,0,0.147,368,0.256
2026-02-10 07:05:00,0.605,0.801,0,0.173,347,0.285
2026-02-10 07:06:00,0.634,0.832,0,0.193,391,0.315
2026-02-10 07:07:00,0.545,0.712,0,0.130,414,0.266
2026-02-10 07:08:00,0.974,1.39,0,0.252,435,0.303
2026-02-10 07:09:00,1.17,1.71,0.0971,0.726,421,0.508
2026-02-10 07:10:00,0.628,0.835,0,0.177,409,0.278
2026-02-10 07:11:00,0.411,0.502,0,0.231,352,0.279
2026-02-10 07:12:00,0.549,0.689,0,0.198,410,0.263
2026-02-10 07:13:00,1.22,1.72,0,0.344,351,0.416
2026-02-10 07:14:00,0.649,0.878,0,0.173,479,0.258
2026-02-10 07:15:00,0.629,0.828,0,0.183,470,0.369
2026-02-10 07:16:00,0.633,0.841,0,0.173,429,0.274
2026-02-10 07:17:00,0.653,0.885,0,0.202,432,0.284
2026-02-10 07:18:00,1.25,1.81,0,0.365,448,0.390
2026-02-10 07:19:00,0.524,0.649,0,0.194,424,0.277
2026-02-10 07:20:00,0.607,0.806,0,0.189,451,0.298
2026-02-10 07:21:00,0.895,1.26,0,0.214,418,0.288
2026-02-10 07:22:00,0.551,0.714,0,0.145,474,0.249
2026-02-10 07:23:00,1.07,1.53,0,0.252,450,0.306
2026-02-10 07:24:00,0.779,1.08,0,0.175,434,0.272
2026-02-10 07:25:00,0.755,1.04,0,0.170,471,0.259
2026-02-10 07:26:00,0.708,0.939,0,0.222,418,0.290
2026-02-10 07:27:00,0.667,0.909,0,0.183,482,0.264
2026-02-10 07:28:00,0.607,0.792,0,0.185,466,0.273
2026-02-10 07:29:00,0.584,0.740,0,0.186,478,0.277
2026-02-10 07:30:00,0.605,0.797,0,0.188,464,0.267
2026-02-10 07:31:00,1.01,1.44,0,0.261,480,0.316
2026-02-10 07:32:00,0.553,0.715,0,0.159,517,0.264
2026-02-10 07:33:00,0.991,1.37,0,0.338,445,0.311
2026-02-10 07:34:00,0.771,1.05,0,0.220,450,0.290
2026-02-10 07:35:00,1.03,1.44,0,0.251,457,0.332
2026-02-10 07:36:00,0.721,0.991,0,0.213,430,0.270
2026-02-10 07:37:00,0.894,1.20,0,0.252,526,0.351
2026-02-10 07:38:00,0.741,1.02,0,0.211,485,0.296
2026-02-10 07:39:00,0.434,0.537,0,0.149,504,0.244
2026-02-10 07:40:00,0.702,0.929,0,0.216,416,0.294
2026-02-10 07:41:00,0.847,1.16,0.000868,0.231,464,0.410
2026-02-10 07:42:00,0.795,1.10,0,0.248,480,0.280
2026-02-10 07:43:00,0.662,0.889,0,0.192,493,0.268
2026-02-10 07:44:00,0.469,0.571,0,0.150,469,0.261
2026-02-10 07:45:00,0.656,0.876,0,0.257,535,0.278
2026-02-10 07:46:00,0.695,0.939,0,0.163,453,0.271
2026-02-10 07:47:00,0.861,1.21,0,0.497,463,0.288
2026-02-10 07:48:00,0.575,0.756,0,0.218,551,0.275
2026-02-10 07:49:00,0.861,1.20,0,0.215,521,0.285
2026-02-10 07:50:00,0.971,1.38,0,0.257,509,0.342
2026-02-10 07:51:00,0.770,1.05,0.00689,0.251,481,0.482
2026-02-10 07:52:00,0.874,1.23,0,0.220,486,0.334
2026-02-10 07:53:00,0.808,1.10,0,0.230,480,0.300
2026-02-10 07:54:00,0.719,0.988,0,0.239,465,0.263
2026-02-10 07:55:00,0.733,1.00,0,0.178,576,0.269
2026-02-10 07:56:00,0.915,1.30,0.0000109,0.211,592,0.284
2026-02-10 07:57:00,0.780,1.07,0.0164,0.252,605,0.448
2026-02-10 07:58:00,0.678,0.917,0,0.188,501,0.284
2026-02-10 07:59:00,0.649,0.871,0,0.179,530,0.271
2026-02-10 08:00:00,0.850,1.18,0,0.346,459,0.297
2026-02-10 08:01:00,1.06,1.51,0,0.269,580,0.318
2026-02-10 08:02:00,1.01,1.45,0,0.254,653,0.304
2026-02-10 08:03:00,0.478,0.592,0,0.184,655,0.394
2026-02-10 08:04:00,0.821,1.12,0,0.232,582,0.296
2026-02-10 08:05:00,0.791,1.07,0,0.231,619,0.282
2026-02-10 08:06:00,0.584,0.758,0,0.200,656,0.270
2026-02-10 08:07:00,1.13,1.65,0,0.263,726,0.317
2026-02-10 08:08:00,1.09,1.57,0,0.263,706,0.313
2026-02-10 08:09:00,0.969,1.37,0,0.281,729,0.307
2026-02-10 08:10:00,0.953,1.35,0,0.296,640,0.321
2026-02-10 08:11:00,0.692,0.934,0,0.242,701,0.277
2026-02-10 08:12:00,0.722,0.974,0,0.234,689,0.313
2026-02-10 08:13:00,1.59,2.32,0,0.440,680,0.446
2026-02-10 08:14:00,0.525,0.668,0,0.267,613,0.256
2026-02-10 08:15:00,0.880,1.22,0,0.280,671,0.312
2026-02-10 08:16:00,0.513,0.633,0,0.232,710,0.291
2026-02-10 08:17:00,0.955,1.35,0,0.256,715,0.300
2026-02-10 08:18:00,0.865,1.19,0,0.266,688,0.322
2026-02-10 08:19:00,1.12,1.57,0,0.377,722,0.383
2026-02-10 08:20:00,1.25,1.78,0,0.387,719,0.403
2026-02-10 08:21:00,1.16,1.66,0,0.331,702,0.343
2026-02-10 08:22:00,0.673,0.872,0,0.406,740,0.309
2026-02-10 08:23:00,0.755,1.04,0,0.356,715,0.336
2026-02-10 08:24:00,0.972,1.36,0,0.352,715,0.318
2026-02-10 08:25:00,0.667,0.892,0,0.220,659,0.293
2026-02-10 08:26:00,0.795,1.09,0.0000434,0.200,665,0.337
2026-02-10 08:27:00,1.17,1.69,0,0.289,752,0.333
2026-02-10 08:28:00,0.638,0.830,0,0.237,683,0.300
2026-02-10 08:29:00,1.16,1.65,0,0.307,720,0.346
2026-02-10 08:30:00,1.52,2.21,0,0.371,701,0.430
2026-02-10 08:31:00,1.33,1.97,0,0.384,820,0.380
2026-02-10 08:32:00,0.866,1.20,0,0.257,778,0.329
2026-02-10 08:33:00,1.31,1.93,0,0.287,829,0.336
2026-02-10 08:34:00,0.883,1.23,0,0.389,729,0.359
2026-02-10 08:35:00,2.48,3.79,0.00562,0.571,821,0.737
2026-02-10 08:36:00,1.91,2.83,0,0.541,771,0.552
2026-02-10 08:37:00,1.08,1.54,0,0.441,776,0.345
2026-02-10 08:38:00,1.27,1.82,0,0.344,700,0.393
2026-02-10 08:39:00,0.898,1.25,0,0.271,791,0.330
2026-02-10 08:40:00,0.767,1.05,0,0.291,896,0.336
2026-02-10 08:41:00,0.993,1.41,0,0.267,857,0.341
2026-02-10 08:42:00,0.847,1.18,0,0.270,812,0.342
2026-02-10 08:43:00,0.889,1.22,0,0.546,702,0.339
2026-02-10 08:44:00,1.33,1.93,0,0.404,789,0.416
2026-02-10 08:45:00,0.979,1.38,0,0.347,798,0.327
2026-02-10 08:46:00,1.10,1.59,0,0.393,804,0.323
2026-02-10 08:47:00,0.872,1.20,0,0.277,737,0.321
2026-02-10 08:48:00,1.27,1.83,0,0.361,846,0.419
2026-02-10 08:49:00,1.49,2.17,0,0.439,887,0.443
2026-02-10 08:50:00,0.848,1.18,0,0.283,913,0.328
2026-02-10 08:51:00,1.46,2.13,0,0.397,849,0.432
2026-02-10 08:52:00,0.857,1.17,0.0226,0.312,970,0.356
2026-02-10 08:53:00,0.822,1.12,0,0.959,985,0.362
2026-02-10 08:54:00,1.13,1.63,0,0.261,974,0.398
2026-02-10 08:55:00,1.05,1.51,0.00506,0.374,999,0.367
2026-02-10 08:56:00,0.988,1.38,0,0.307,1031,0.348
2026-02-10 08:57:00,1.16,1.68,0,0.270,1125,0.340
2026-02-10 08:58:00,1.46,2.15,0,0.366,1040,0.373
2026-02-10 08:59:00,1.18,1.70,0,0.554,1056,0.470
2026-02-10 09:00:00,1.14,1.62,0,0.330,951,0.380
2026-02-10 09:01:00,1.44,2.09,0.00151,0.377,1086,0.497
2026-02-10 09:02:00,1.17,1.67,0,0.440,1006,0.430
2026-02-10 09:03:00,0.887,1.22,0,0.233,1007,0.338
2026-02-10 09:04:00,2.01,3.01,0,0.523,1063,0.719
2026-02-10 09:05:00,1.14,1.58,0,0.387,1003,0.387
2026-02-10 09:06:00,1.09,1.53,0,0.373,1059,0.360
2026-02-10 09:07:00,1.03,1.43,0,0.388,988,0.364
2026-02-10 09:08:00,0.947,1.33,0,0.271,1097,0.311
2026-02-10 09:09:00,1.19,1.70,0,0.295,1185,0.363
2026-02-10 09:10:00,1.75,2.54,0,0.491,1162,0.521
2026-02-10 09:11:00,1.27,1.77,0,0.419,1015,0.406
2026-02-10 09:12:00,1.16,1.64,0,0.333,1083,0.356
2026-02-10 09:13:00,1.17,1.67,0,0.315,1020,0.351
2026-02-10 09:14:00,1.69,2.48,0,0.415,997,0.434
2026-02-10 09:15:00,0.992,1.39,0,0.282,1074,0.349
2026-02-10 09:16:00,1.53,2.27,0,0.378,1191,0.372
2026-02-10 09:17:00,1.54,2.28,0,0.386,1099,0.388
2026-02-10 09:18:00,1.21,1.75,0,0.295,1067,0.353
2026-02-10 09:19:00,1.09,1.56,0,0.293,1112,0.332
2026-02-10 09:20:00,1.11,1.59,0,0.292,1078,0.335
2026-02-10 09:21:00,0.858,1.18,0,0.224,1061,0.314
2026-02-10 09:22:00,1.04,1.48,0,0.285,1017,0.326
2026-02-10 09:23:00,1.42,2.04,0,0.352,1087,0.400
2026-02-10 09:24:00,1.48,2.18,0,0.338,1092,0.370
2026-02-10 09:25:00,1.57,2.30,0,0.452,1089,0.475
2026-02-10 09:26:00,1.38,2.01,0.0000543,0.390,1197,0.407
2026-02-10 09:27:00,1.46,2.12,0,0.409,1058,0.429
2026-02-10 09:28:00,1.11,1.56,0,0.340,1155,0.374
2026-02-10 09:29:00,1.43,2.12,0,0.335,1135,0.433
2026-02-10 09:30:00,1.21,1.72,0,0.332,1102,0.379
2026-02-10 09:31:00,1.09,1.50,0,0.359,1161,0.385
2026-02-10 09:32:00,1.19,1.68,0,0.368,1135,0.403
2026-02-10 09:33:00,1.01,1.42,0,0.243,1135,0.378
2026-02-10 09:34:00,1.30,1.88,0,0.287,1260,0.409
2026-02-10 09:35:00,1.49,2.18,0,0.344,1102,0.429
2026-02-10 09:36:00,1.32,1.93,0.0000543,0.323,1197,0.363
2026-02-10 09:37:00,0.861,1.19,0,0.234,1041,0.333
2026-02-10 09:38:00,0.958,1.33,0,0.362,1167,0.359
2026-02-10 09:39:00,1.18,1.68,0,0.310,1129,0.378
2026-02-10 09:40:00,1.17,1.67,,0.294,1242,0.446
2026-02-10 09:41:00,1.08,1.46,1.51,0.366,1247,0.537
2026-02-10 09:42:00,1.51,2.21,0.00168,0.346,1151,0.501
2026-02-10 09:43:00,0.970,1.35,0,0.458,1100,0.372
2026-02-10 09:44:00,1.39,2.03,0,0.329,1187,0.368
2026-02-10 09:45:00,1.22,1.73,0.344,0.350,1227,0.412
2026-02-10 09:46:00,1.89,2.76,0,0.504,1042,0.541
2026-02-10 09:47:00,1.73,2.56,0,0.519,1230,0.421
2026-02-10 09:48:00,1.29,1.85,0,0.387,1113,0.402
2026-02-10 09:49:00,1.05,1.51,0.0120,0.260,1171,0.356
2026-02-10 09:50:00,1.48,2.18,0,0.344,1266,0.375
2026-02-10 09:51:00,1.06,1.50,0,0.271,1272,0.355
2026-02-10 09:52:00,1.02,1.40,0,0.340,1311,0.375
2026-02-10 09:53:00,1.40,2.03,0.00156,0.355,1167,0.435
2026-02-10 09:54:00,1.90,2.84,0,0.440,1191,0.544